{"type":"Topology","arcs":[[[1860,802],[67,-28],[84,-68],[19,15],[74,-18],[-90,-42],[-46,5]],[[1968,666],[-91,-22],[-3,53],[-35,30]],[[1839,727],[23,19],[-2,56]],[[1839,727],[-32,32],[-112,38],[-16,66],[25,7],[13,78]],[[1717,948],[15,-30],[-15,-80],[66,-37],[16,98],[16,-78],[45,-19]],[[1717,948],[-142,165]],[[1575,1113],[-7,46],[14,123],[37,37],[47,-57],[41,-13],[12,44],[-21,79],[-23,19],[29,45],[64,49],[32,-10],[47,64],[49,-36],[35,24],[25,83],[37,-39],[50,46],[57,-7]],[[2100,1610],[-3,-91],[-15,-46],[67,-9],[34,-96],[35,-16],[-23,-29],[-83,-23],[74,-22],[31,-57],[-49,-7],[-63,-79],[67,-97],[20,-53],[65,-46],[-29,-102],[-57,-47],[27,-30],[-7,-47],[-62,-42],[-26,-75],[-50,-3],[-93,25]],[[1960,618],[8,48]],[[1497,396],[-70,76],[-66,132],[-61,60],[-17,60],[8,48],[-106,84],[-19,51],[13,89],[32,135],[-1,38]],[[1210,1169],[85,-59],[81,0],[83,-31],[82,2],[34,32]],[[1960,618],[-139,-38],[-98,36],[-2,47],[-28,20],[-80,-25],[14,-74],[-12,-73],[-93,-48],[-25,-67]],[[2100,1610],[62,-16],[31,67],[72,-1],[63,-27],[9,-56],[76,-16],[76,64],[29,47],[42,21]],[[2560,1693],[36,-15],[88,-112],[4,-43],[58,-41],[-14,-27],[20,-58],[-17,-115],[-30,-5],[30,-39],[83,-21],[61,-124],[40,-109],[43,-21],[22,-43],[35,-142],[-4,-132],[36,-79],[69,2],[36,-32],[-1,-38],[72,-66],[-8,-78],[-116,-81],[-17,-43],[6,-74],[-11,-76],[-38,-35],[-118,73],[-96,44],[-63,-3],[-55,-57],[-79,-55],[-108,-14],[-76,-34],[-38,77],[-68,16],[-86,-9],[-32,-55],[-68,-29],[-58,2],[-106,66],[-72,-16],[-160,8],[-45,70],[-104,11],[-36,73],[-42,31],[-29,61],[-7,90]],[[1210,1169],[-51,54],[-63,2],[-29,55],[-19,103],[-56,18],[-29,93],[32,50],[-36,71],[-72,7],[-49,-38],[-39,-90],[-28,-14],[-85,6],[-76,100],[-93,-65],[-8,-34],[-87,1],[-44,37],[-29,58],[-84,12],[-118,103],[-29,50],[1,55],[-58,-12],[-53,33],[-8,44],[55,26],[-7,56],[63,105],[-2,41],[123,118],[74,26],[26,58],[47,18],[71,119],[85,-2],[72,31],[55,51],[18,64],[-41,58],[26,67],[-31,101],[22,39],[157,1],[16,19],[219,117],[28,63],[111,67],[100,38],[139,83],[53,11],[66,-40],[77,-6],[94,42],[109,5],[5,-64],[-31,-42],[43,-27],[63,-75],[-29,-64],[-101,-117],[-36,-133],[25,-67],[66,-82],[-7,-92],[-25,-99],[-4,-85],[62,-69],[12,-56],[35,-32],[46,-7],[79,20],[68,-10],[84,-92],[93,31],[10,-75],[67,-16],[-51,-57],[30,-23],[73,12],[116,-33],[82,24],[23,-82],[-32,11],[-6,-69],[-25,-81]]],"transform":{"scale":[0.00034830678648899974,0.00026451387176325324],"translate":[112.91987,37.662958]},"objects":{"json":{"type":"GeometryCollection","geometries":[{"arcs":[[0,1,2]],"type":"Polygon","properties":{"adcode":140302,"level":"district","name":"城区","pinyin":"chengqu","parent":{"adcode":140300},"childrenNum":0,"center":[113.600694,37.847457],"centroid":[113.600694,37.847457]}},{"arcs":[[3,4,-3]],"type":"Polygon","properties":{"adcode":140303,"level":"district","name":"矿区","pinyin":"kuangqu","parent":{"adcode":140300},"childrenNum":0,"center":[113.555279,37.868494],"centroid":[113.555279,37.868494]}},{"arcs":[[[-1,-5,5,6,7,8]],[[9,10,-6,-4,-2,-9,11]]],"type":"MultiPolygon","properties":{"adcode":140311,"level":"district","name":"郊区","pinyin":"jiaoqu","parent":{"adcode":140300},"childrenNum":0,"center":[113.593998,37.943703],"centroid":[113.593998,37.943703]}},{"arcs":[[-8,12,13,-12]],"type":"Polygon","properties":{"adcode":140321,"level":"district","name":"平定县","pinyin":"pingdingxian","parent":{"adcode":140300},"childrenNum":0,"center":[113.629777,37.804986],"centroid":[113.629777,37.804986]}},{"arcs":[[-13,-7,-11,14]],"type":"Polygon","properties":{"adcode":140322,"level":"district","name":"盂县","pinyin":"yuxian","parent":{"adcode":140300},"childrenNum":0,"center":[113.412279,38.086041],"centroid":[113.412279,38.086041]}}]}}}