{"type":"Topology","arcs":[[[974,1883],[38,16],[25,65],[76,45],[13,45],[51,-6],[56,-37],[18,115],[66,37],[62,-68],[68,-152],[-21,-59],[-39,-18]],[[1387,1866],[-75,10],[-35,-28],[16,-37],[-97,-11],[0,40],[-57,-15],[-22,24],[-29,-65],[-109,-21],[-25,-37],[10,72],[-36,9],[13,70],[33,6]],[[469,1614],[-71,73],[-49,83],[-67,48],[-42,0],[-73,34]],[[167,1852],[12,55]],[[179,1907],[68,10],[-27,21],[56,23],[36,-37],[191,-66],[52,-67],[90,-57],[66,30],[28,66],[-7,54],[50,43],[30,94],[46,-19],[-12,-34],[100,-1],[28,-84]],[[1387,1866],[9,-107],[40,-18],[58,33],[91,-31]],[[1585,1743],[-18,-59],[-61,0],[-2,-43],[44,-65],[-252,-39],[-142,20],[-40,-21],[-5,76],[-36,-15],[-18,46],[-57,-6],[-31,50],[-71,21],[-23,-131],[-21,-22],[-46,23],[-34,-52],[-67,-20],[-39,-48],[16,-35],[121,3],[38,-11],[-13,-79],[-79,-168],[-138,-120],[-11,-40],[30,-165]],[[630,843],[-65,-16],[-63,-62],[1,-50],[-41,29],[-10,-55],[-80,-22],[-41,-39],[-86,-1],[-53,53],[-117,-17],[-61,-76],[-14,20],[28,59],[-9,32],[92,152],[88,51],[46,103],[8,52],[31,23],[8,91],[23,77],[-37,92],[4,56],[-38,42],[48,-9],[32,86],[28,30],[56,-21],[108,5],[12,42],[-59,44]],[[1585,1743],[87,-46],[65,-16],[51,-58],[56,-27],[-10,-68],[49,-76],[-4,-155],[16,-79],[46,-40]],[[1941,1178],[45,1],[-5,-45],[-72,-42],[52,-27],[-29,-50],[12,-48],[-60,1],[6,-63],[34,-13],[-36,-34],[-4,46],[-101,-154],[-32,22],[-135,-52],[-49,68],[-30,-25],[16,-123],[-77,27],[-55,-78],[-80,-74],[156,-130],[112,-68],[5,-104],[140,1],[17,-51],[-67,-43],[-139,44],[-38,49],[-43,-12],[-16,-121],[-65,-49],[-136,-31],[-39,17],[-60,72],[-116,-5],[-65,28],[-37,106],[-15,152],[31,117],[-21,32],[-123,14],[-89,78],[-6,101],[-47,36],[-24,107],[-26,-12]],[[469,1614],[8,-22],[-115,-8],[-73,-19],[-134,13],[-63,17],[-44,92],[2,40],[84,120],[33,5]],[[179,1907],[0,31],[-71,9],[-34,56],[7,84],[50,27],[126,124],[25,1],[95,77],[38,3],[73,71],[68,-16],[71,13],[-1,45],[103,12],[54,-40],[41,-64],[46,50],[4,50],[35,43],[61,19],[29,59],[133,-1],[38,-52],[35,2],[68,55],[21,-3],[114,102],[47,23],[-14,21],[78,50],[20,31],[56,-35],[-4,-44],[113,-192],[86,-69],[-2,-66],[-61,-198],[-11,-123],[-46,-42],[-64,-25],[54,-74],[95,-25],[21,-35],[74,22],[82,-4],[117,120],[55,95],[36,-30],[2,35],[81,-18],[15,30],[61,-20],[-101,-123],[-78,-10],[-37,-54],[-38,-5],[-45,-64],[15,-51],[35,-8],[-6,-86],[30,-52],[0,-65],[38,-37],[3,-61],[-26,-112],[42,-120],[-37,-53],[-20,33],[-16,-45],[-54,43],[-63,-43]]],"transform":{"scale":[0.00040952283601565644,0.00028803370383649997],"translate":[121.547284,40.648624]},"objects":{"json":{"type":"GeometryCollection","geometries":[{"arcs":[[0,1]],"type":"Polygon","properties":{"adcode":211102,"level":"district","name":"双台子区","pinyin":"shuangtaiziqu","parent":{"adcode":211100},"childrenNum":0,"center":[122.07597,41.212401],"centroid":[122.07597,41.212401]}},{"arcs":[[2,3,4,-2,5,6,7]],"type":"Polygon","properties":{"adcode":211103,"level":"district","name":"兴隆台区","pinyin":"xinglongtaiqu","parent":{"adcode":211100},"childrenNum":0,"center":[122.070685,41.120261],"centroid":[122.070685,41.120261]}},{"arcs":[[8,9,-7]],"type":"Polygon","properties":{"adcode":211104,"level":"district","name":"大洼区","pinyin":"dawaqu","parent":{"adcode":211100},"childrenNum":0,"center":[122.082227,41.002679],"centroid":[122.082227,41.002679]}},{"arcs":[[[10,-3]],[[-9,-6,-1,-5,11]]],"type":"MultiPolygon","properties":{"adcode":211122,"level":"district","name":"盘山县","pinyin":"panshanxian","parent":{"adcode":211100},"childrenNum":0,"center":[121.996408,41.243367],"centroid":[121.996408,41.243367]}}]}}}