{"type":"Topology","arcs":[[[1311,86],[-78,-49],[-92,-37],[-18,38],[-86,-25],[-33,101],[-74,13],[21,57],[-24,95],[16,50],[-17,38],[-79,26],[-44,2],[-81,120],[-40,8],[-18,65],[-45,24],[-39,59],[-48,25],[-18,72],[-51,23],[-4,53],[-48,-10],[-43,37],[-111,-23],[-35,-32],[-70,-5],[-26,-56],[-79,-13],[21,105],[75,-5],[15,80],[-34,16],[-52,87],[-68,43],[-4,46],[44,41],[101,18],[96,3],[29,40],[45,3],[113,77],[24,-25],[73,-20],[33,29],[32,103],[37,28],[1,46],[-23,13],[-12,114],[-30,67],[-55,-16],[-89,41],[-69,-23],[-60,16],[-34,60],[-1,36],[75,61],[77,26],[38,-20],[70,24],[55,-45],[34,20],[7,48],[36,-5],[2,39],[-31,18],[-8,65],[-41,24],[-45,-4],[24,37],[-22,141],[-26,83],[51,98],[1,103],[-39,-7],[-42,93],[-45,4],[-50,-31],[-35,43],[-97,30],[-76,0],[9,55],[49,25],[40,94],[32,45],[84,31],[73,-6],[11,90],[35,-1],[140,43],[73,36],[75,-38],[39,-3],[90,21],[28,-22],[107,28],[22,55],[87,81],[-54,31],[110,54],[133,3],[215,-10],[133,-29],[89,-2],[35,53],[68,61],[91,59],[122,26],[69,-7],[110,-33],[44,-32],[93,87],[-1,27],[39,32],[-6,33],[71,14],[67,-4],[6,-61],[-30,-8],[0,-221],[122,24],[-6,63],[41,35],[49,-31],[13,-52],[-2,-106],[35,55],[-10,112],[47,61],[139,33],[96,86],[63,-33],[95,147],[62,52],[100,27],[74,-5],[70,-27],[138,-91],[77,-74],[60,-86],[50,-97],[58,-247],[23,-155],[141,-494],[78,-168],[114,-216],[-102,-24],[-136,7],[-59,62],[-42,132],[-22,32],[-32,-36],[-20,15],[-39,85],[-41,-35],[-69,44],[-17,-28],[-46,-14],[-31,21],[-73,1],[-36,-38],[-84,-182],[35,-13],[-39,-137],[11,-13],[-45,-185],[41,-25],[52,-94],[-24,-40],[-100,38],[-3,-29],[94,-39],[-4,-64],[-38,-5],[-71,-109],[38,-41],[-3,-84],[28,-49],[52,24],[126,1],[-48,-101],[-43,-38],[-21,-50],[27,-45],[-119,-1],[-28,-116],[-38,-3],[1,-29],[-53,-97],[-7,-98],[23,-66],[-69,9],[-66,27],[-7,49],[-57,52],[-22,66],[-135,22],[-24,22],[-27,95],[-64,30],[-62,-27],[-40,53],[-2,85],[-34,31],[-34,-5],[12,45],[-22,64],[-44,5],[-28,33],[-43,8],[-17,34],[-26,-32],[-178,-24],[-109,75],[-26,33],[-33,-3],[-21,51],[-64,22],[-49,-48],[-61,-25],[10,-31],[-29,-25],[7,-49],[22,5],[28,-67],[48,-60],[-44,-17],[-26,34],[-19,-15],[-78,15],[-73,77],[-62,-5],[-36,65],[-107,2],[-39,-48],[12,-69],[-54,-58],[-27,-62],[-1,-69],[28,-20],[-23,-105],[-31,-4],[-12,-49],[9,-86],[-4,-96],[73,-4],[35,-27],[-40,-63],[-3,-42],[33,-36],[-52,-158],[-71,-87],[-99,-71]]],"transform":{"scale":[0.00023434824132308372,0.0001879964769647696],"translate":[118.969449,31.625209000000005]},"objects":{"json":{"type":"GeometryCollection","geometries":[{"arcs":[[0]],"type":"Polygon","properties":{"adcode":321100,"level":"city","name":"镇江市","pinyin":"zhenjiangshi","parent":{"adcode":320000},"childrenNum":6,"center":[119.424441,32.188141],"centroid":[119.424441,32.188141]}}]}}}