{"type":"Topology","arcs":[[[4657,1002],[-100,-123],[-55,-110],[-73,-92],[-16,-86],[-39,-44],[-19,-50],[-95,-62],[-19,-89],[-56,-42],[-109,-37],[-234,-37],[-109,9],[-138,35],[-71,-19],[-169,-79],[-51,-54],[-164,-117],[-69,-5],[-22,33],[9,51],[55,76],[36,119],[36,14],[39,88],[8,85],[-23,88],[-47,49],[-49,6],[-77,-33],[-45,-49],[-24,-61],[-39,-32],[-95,-36],[-24,-33],[21,-40],[100,-46],[64,-53],[5,-48],[-43,-42],[-99,-39],[-122,-17],[-106,18],[-203,95],[-46,75],[-77,31],[-82,-2],[-115,-19],[-48,-41],[-67,9],[-36,115],[-4,47],[-52,44],[-22,61],[-37,-13],[-71,32],[-37,41],[6,33],[-36,32],[30,19],[-11,48],[-38,27],[-5,57],[-31,41],[-62,33],[-44,-32],[-1,-32],[-48,9],[-25,50],[-95,30],[-39,-25],[-33,13],[-36,-45],[-151,-45],[-33,-37],[-56,-21],[-36,-41],[-103,-50],[-57,-1],[-38,22],[-63,-36],[-144,-23],[-72,-23],[-79,91],[-47,-26],[-39,2],[-72,-127],[-27,25],[-54,-19],[-80,36],[-92,8],[48,38],[13,57],[-42,62],[-18,130],[-22,32],[103,47],[-32,52],[70,60],[19,48],[90,105],[2,29],[72,49],[-25,71],[2,94],[30,92],[30,41],[-38,88],[-3,81],[58,165],[-14,88],[-58,91],[-48,44],[32,74],[38,48],[-22,36],[16,75],[33,-11],[32,39],[37,10],[-29,22],[-14,50],[33,40],[-21,28],[42,24],[-21,32],[94,83],[0,42],[53,31],[-3,29],[37,39],[-3,32],[65,42],[-24,31],[88,24],[-30,54],[29,11],[17,59],[44,7],[47,88],[-66,30],[5,44],[-28,11],[18,92],[-4,46],[-53,43],[-24,50],[-60,216],[17,42],[114,-51],[68,15],[127,47],[92,-26],[48,70],[155,41],[104,11],[59,39],[187,-38],[60,7],[39,44],[52,-19],[10,-60],[56,31],[-4,96],[27,15],[18,97],[40,31],[56,-43],[33,17],[-29,84],[59,75],[8,33],[102,59],[-24,74],[61,92],[52,40],[62,-24],[38,12],[67,115],[83,-21],[35,23],[35,73],[65,14],[8,-63],[55,-18],[43,-52],[48,-27],[-9,-72],[16,-122],[29,-8],[28,-80],[56,6],[40,-48],[66,-39],[74,100],[27,-34],[24,32],[73,-50],[-16,-54],[9,-50],[39,-27],[12,-101],[30,-6],[28,-45],[29,5],[55,-39],[-4,-87],[-13,18],[-86,-53],[-10,-26],[-62,-2],[-126,-102],[14,-30],[-81,-38],[-33,-118],[49,-52],[3,-86],[79,-27],[-2,-39],[-34,-50],[-36,5],[-5,-58],[18,-18],[-23,-62],[26,-44],[72,-41],[-87,-132],[25,-64],[-40,-119],[41,-79],[43,-40],[79,-6],[37,-45],[1,-80],[78,-44],[-17,-59],[20,-34],[116,-63],[120,31],[77,44],[92,-33],[129,53],[60,-63],[47,-13],[60,18],[114,-56],[32,-48],[18,-72],[-27,-124],[18,-50],[128,-158],[42,-31],[27,-45],[12,-152],[47,-42],[-89,-68],[0,-179],[41,-48],[46,-4],[24,48],[47,23],[37,-38],[133,-76],[41,-50],[9,-38],[-22,-76]]],"transform":{"scale":[0.00023841290874118635,0.0001868596268023746],"translate":[107.481501,21.490078]},"objects":{"json":{"type":"GeometryCollection","geometries":[{"arcs":[[0]],"type":"Polygon","properties":{"adcode":450600,"level":"city","name":"防城港市","pinyin":"fangchenggangshi","parent":{"adcode":450000},"childrenNum":4,"center":[108.35467,21.686732],"centroid":[108.35467,21.686732]}}]}}}