{"type":"Topology","arcs":[[[0,3647],[4,42],[32,66],[34,23],[29,74],[85,57],[14,60],[91,39],[46,79],[16,114],[57,-7],[44,29],[18,42],[36,15],[69,-8],[91,34],[42,-43],[14,-46],[28,-6],[51,37],[37,-32],[68,-12],[149,5],[53,10],[22,-31],[41,7],[10,115],[278,7],[203,51],[34,1],[-30,71],[61,-9],[-15,89],[-29,49],[-13,117],[90,32],[89,68],[1,59],[37,52],[-6,88],[96,-52],[35,7],[32,81],[110,17],[15,-133],[35,-66],[8,-130],[46,-45],[38,-1],[45,48],[104,-53],[154,-68],[186,-7],[-20,-275],[-8,-45],[-45,-8],[21,-94],[-39,-64],[-1,-32],[77,-49],[95,21],[44,-37],[36,11],[16,33],[-31,63],[9,30],[73,-23],[10,-123],[-79,-46],[59,-56],[4,-34],[31,5],[4,-40],[40,5],[76,-58],[90,-222],[147,63],[177,-425],[39,42],[54,-40],[46,21],[4,-29],[75,35],[105,-125],[39,2],[57,51],[85,23],[21,-71],[43,7],[-10,77],[64,17],[-4,58],[29,8],[8,-34],[35,10],[-1,35],[91,22],[64,-1],[2,56],[132,-10],[12,-51],[70,12],[38,-18],[12,20],[13,-89],[-57,-23],[7,-24],[-99,-21],[10,-65],[-78,-16],[31,-119],[26,3],[8,-39],[61,6],[9,-48],[115,2],[76,-29],[-6,-83],[54,-38],[15,-33],[-56,-18],[-195,-17],[-182,-44],[-188,-35],[157,-266],[200,-348],[21,-62],[49,-231],[-12,-168],[-141,-5],[-3,-10],[25,-345],[-187,-75],[-35,-8],[1,55],[-26,12],[-3,66],[-30,-8],[-12,-87],[17,-43],[-30,-17],[-93,7],[-39,-23],[-112,38],[-70,-31],[42,-68],[30,-2],[22,-293],[-2,-196],[12,-53],[-7,-78],[16,-26],[-9,-92],[28,-19],[-162,-11],[-165,0],[-30,-42],[-63,-13],[-13,-52],[-52,18],[-1,-40],[-50,-3],[-36,-50],[-23,-1],[0,178],[-175,3],[-229,-8],[-106,5],[14,14],[-94,-1],[0,337],[-46,-2],[10,39],[33,0],[-25,42],[13,20],[-73,-3],[-9,-37],[-47,-12],[-71,6],[-9,-29],[-65,1],[-22,48],[-33,-12],[-156,-16],[-51,-25],[-98,0],[0,140],[12,30],[68,5],[45,17],[3,29],[-40,4],[15,40],[29,3],[-42,37],[31,6],[12,52],[-8,89],[40,2],[1,41],[-45,3],[2,37],[-31,11],[-8,47],[-50,40],[-48,86],[-54,36],[-12,62],[-66,20],[-80,58],[-1,53],[-42,3],[-26,34],[-7,142],[19,24],[-2,85],[-29,40],[-78,41],[-1,-85],[-12,-27],[-92,-96],[-31,43],[-10,96],[-24,55],[-74,-55],[-49,-8],[-28,92],[-64,79],[34,28],[8,42],[100,50],[147,12],[47,105],[-40,50],[-88,67],[-34,75],[-93,78],[-19,-6],[-64,40],[-30,-13],[-63,47],[-21,39],[-45,35],[-86,36],[-62,7],[-84,-26],[-35,27],[-92,34],[-51,-14],[-76,-1],[-46,25],[-54,5],[-47,-37],[-68,1],[-84,-17],[-52,41],[-33,-8],[-47,81],[4,51],[-79,153],[1,45],[-21,23],[45,130],[-2,56],[-27,14],[-59,85],[4,70],[-18,33],[-92,59],[-41,36],[-46,113],[-34,17]]],"transform":{"scale":[0.000071150842581176,0.00005441762604207977],"translate":[116.048873,39.886829]},"objects":{"json":{"type":"GeometryCollection","geometries":[{"arcs":[[0]],"type":"Polygon","properties":{"adcode":110108,"level":"district","name":"海淀区","pinyin":"haidianqu","parent":{"adcode":110100},"childrenNum":0,"center":[116.2977,39.959893],"centroid":[116.2977,39.959893]}}]}}}