{"type":"Topology","arcs":[[[1198,913],[25,93],[-20,155],[24,22],[64,-19],[-3,56],[-45,1],[-4,85],[24,46],[-158,-17],[-19,172],[-9,213],[121,0],[1,116],[38,137],[-79,-12],[22,64],[-30,35],[-59,-1],[17,-41],[-84,13],[-15,103],[19,29],[-65,-2],[-5,44],[-140,-2],[-36,42],[-5,94],[-29,0],[-17,37],[5,-171],[-96,-2],[-45,17],[-96,-1],[-17,38],[24,38],[53,14],[-1,54],[-170,-5],[5,67],[-46,181],[-18,49],[-329,484],[173,27],[167,35],[179,13],[52,14],[-64,56],[6,65],[30,7],[31,-72],[128,32],[47,62],[-29,20],[-7,74],[30,-2],[-8,44],[23,43],[78,6],[103,48],[125,42],[124,-13],[113,-38],[-3,37],[82,-1],[23,-17],[34,106],[-46,43],[3,79],[48,13],[5,69],[42,13],[14,48],[-6,65],[54,-11],[33,-56],[121,-26],[48,-39],[164,-10],[57,-40],[39,-47],[92,-57],[156,13],[44,-15],[64,-50],[56,-66],[62,-46],[32,45],[17,-34],[57,-25],[-18,-26],[21,-37],[-18,-33],[-64,-22],[67,-64],[174,-85],[37,-31],[43,-74],[108,10],[6,-54],[-19,-27],[229,-144],[74,-53],[50,-13],[190,-17],[107,-60],[-31,-66],[90,-47],[63,36],[66,-81],[13,-103],[-44,8],[-15,-48],[-71,-9],[5,-65],[75,13],[15,-32],[-9,-56],[28,-184],[8,-157],[28,-101],[-92,48],[-76,18],[-23,-64],[38,-76],[-6,-28],[-42,-3],[-5,-107],[-46,12],[-21,-32],[83,-120],[-124,21],[27,-135],[-26,-9],[13,-45],[-23,-35],[11,-46],[29,-9],[-53,-62],[9,-23],[-77,-17],[17,-19],[4,-82],[155,10],[18,-129],[-61,-6],[8,-57],[-63,-120],[38,-19],[6,-34],[46,-66],[-175,-152],[-119,-2],[6,-57],[47,6],[-83,-84],[-7,-97],[12,-34],[-43,0],[3,-88],[-100,11],[2,-36],[-101,15],[42,48],[-123,-10],[-5,45],[-58,21],[-4,43],[-38,-23],[-139,18],[-135,-7],[-58,12],[-13,-70],[-122,36],[-9,-24],[73,-41],[-41,-16],[-1,-33],[-43,26],[-74,4],[-6,41],[-119,1],[-32,-30],[-40,-1],[-6,-90],[-95,-35],[39,-17],[-98,-31],[-38,7],[1,38],[-69,0],[-3,-32],[-53,4],[-5,-60],[-142,-43],[-75,69],[-66,-3],[-20,37],[-117,89],[-114,-30],[-14,32],[40,51],[-57,35],[-2,-25],[-60,1],[4,46],[-90,-8],[6,26],[-69,12],[89,3],[15,62],[37,12],[8,48],[50,-25],[23,59],[56,8],[-9,59],[58,5],[8,48],[89,-19],[30,-30],[69,70],[26,-12],[1,49],[-57,3],[-94,72],[-24,-26],[-74,60],[-42,-31],[-1,42],[-28,25],[9,99]],[[3264,3518],[-67,-6],[41,-70],[-29,-7],[5,-84],[-66,28],[-51,1],[-5,77],[-31,26],[28,82],[-18,68],[-28,195],[-67,-8],[0,-86],[-34,64],[-35,246],[-22,99],[-11,131],[8,38],[54,-73],[27,-208],[200,27],[0,43],[37,4],[-12,84],[8,66],[29,-64],[11,-82],[18,1],[7,-102],[64,-455],[-18,-40],[-43,5]]],"transform":{"scale":[0.00007745093396474731,0.00006911897031540002],"translate":[116.35088200000001,39.809768]},"objects":{"json":{"type":"GeometryCollection","geometries":[{"arcs":[[[0]],[[1]]],"type":"MultiPolygon","properties":{"adcode":110105,"level":"district","name":"朝阳区","pinyin":"zhaoyangqu","parent":{"adcode":110100},"childrenNum":0,"center":[116.443136,39.921444],"centroid":[116.443136,39.921444]}}]}}}