{"type":"Topology","arcs":[[[4938,2271],[-11,-68],[48,-27],[23,-57],[-64,1],[-18,-52],[-60,7],[-47,-9],[-4,26],[-101,-5],[-23,-57],[24,-50],[-29,-98],[-139,-149],[-154,-128],[-76,-115],[40,-5],[-9,-73],[-39,10],[-3,-59],[15,-134],[3,-111],[-60,-89],[-53,-35],[-95,-40],[-48,53],[-56,38],[-89,6],[-111,-52],[-118,-166],[-41,-24],[-67,11],[-110,59],[-125,13],[-108,-86],[-58,-36],[-70,-95],[-144,-21],[-92,37],[-163,-64],[-41,11],[-74,-7],[-38,-64],[17,-40],[-77,-81],[-7,-95],[45,-118],[8,-61],[-18,-52],[-29,-23],[-84,-26],[-77,-7],[-93,78],[-60,77],[-80,21],[-39,-33],[-100,-187],[-63,-20],[-153,0],[-51,33],[-28,37],[-4,93],[-38,20],[-14,-28],[-77,-41],[-36,13],[-79,-15],[-53,-35],[-3,-24],[-53,1],[5,35],[-39,-7],[-28,68],[26,18],[-3,76],[-51,-22],[-39,41],[-25,64],[27,36],[-39,54],[-46,117],[-57,32],[-22,-43],[-66,-9],[-47,69],[-23,5],[-14,64],[-46,-9],[-29,-30],[-57,-9],[-44,-32],[-17,41],[-56,21],[-148,-31],[-113,-55],[-27,15],[-64,-35],[-19,60],[6,38],[-64,63],[-34,62],[-60,21],[-18,35],[19,66],[-2,54],[34,72],[131,78],[2,40],[48,88],[-104,25],[-86,83],[-20,81],[31,68],[5,43],[-67,29],[-49,81],[-18,136],[14,105],[31,40],[89,39],[98,109],[74,205],[69,92],[41,0],[141,-125],[47,-21],[104,104],[128,170],[42,40],[111,28],[105,69],[41,62],[-13,25],[-5,84],[-27,70],[12,48],[46,43],[22,62],[40,46],[-31,62],[5,32],[-35,49],[1,59],[-34,40],[21,76],[69,-2],[115,11],[27,60],[99,84],[19,101],[22,9],[-10,68],[-50,-10],[-25,41],[-127,-12],[-38,59],[-68,-5],[-45,43],[-54,8],[-26,29],[-10,76],[9,32],[-21,53],[22,41],[-15,60],[128,127],[-1,33],[71,47],[128,11],[56,-24],[162,7],[22,-49],[67,6],[43,21],[21,64],[40,27],[3,40],[-90,82],[22,77],[-25,22],[-82,-26],[-45,67],[83,123],[63,-73],[52,1],[81,-62],[59,5],[39,-26],[29,-55],[66,9],[97,-55],[36,9],[130,-76],[8,-94],[65,-21],[28,35],[19,60],[62,40],[64,-45],[86,3],[172,-44],[55,-59],[32,-6],[42,33],[68,-7],[27,-35],[1,-49],[51,-13],[25,-86],[-54,-30],[-16,-48],[17,-39],[47,-50],[44,14],[54,-57],[18,-61],[87,-1],[17,62],[45,25],[-1,32],[42,10],[43,40],[76,34],[77,-9],[16,65],[60,116],[-24,34],[13,52],[88,54],[70,-16],[50,-41],[-4,-60],[81,-121],[-2,-67],[27,-49],[44,-4],[49,-45],[74,5],[117,-36],[16,-31],[100,13],[32,-30],[-3,-28],[95,-95],[-12,-71],[42,-112],[4,-126],[102,-177],[25,-194],[-28,-91],[3,-47],[42,-53],[29,-9],[80,13],[67,-34],[0,-72],[-59,-32],[-18,-32],[-45,-21],[14,-64],[22,-26],[12,-76],[41,-47],[63,-39],[-3,-66],[-38,-56],[21,-4],[89,-85]]],"transform":{"scale":[0.00015801180472188903,0.00011580104931794313],"translate":[114.852986,39.046738]},"objects":{"json":{"type":"GeometryCollection","geometries":[{"arcs":[[0]],"type":"Polygon","properties":{"adcode":130633,"level":"district","name":"易县","pinyin":"yixian","parent":{"adcode":130600},"childrenNum":0,"center":[115.497487,39.350219],"centroid":[115.497487,39.350219]}}]}}}