{"type":"Topology","arcs":[[[3897,727],[-162,84],[-34,31],[-62,-51],[-67,19],[-134,-8],[-37,47],[-38,-12],[-37,26],[-42,-13],[-34,52],[-76,-40],[-131,-18],[17,-24],[-39,-10],[-15,38],[-60,15],[-79,52],[-35,-24],[-95,92],[-43,6],[-40,-41],[15,-39],[-39,-118],[-81,-19],[30,-23],[14,-69],[-36,-3],[-26,-55],[-45,-44],[-151,-62],[-58,19],[-161,-15],[-29,23],[-27,-87],[4,-151],[10,-117],[-14,-51],[9,-76],[-271,-20],[-68,-11],[-72,86],[-46,-1],[-18,-57],[-73,-58],[-186,51],[-224,44],[-71,-67],[-76,14],[51,23],[34,50],[17,64],[-17,94],[-68,20],[-34,36],[-5,32],[-39,33],[9,38],[-60,45],[32,82],[185,269],[34,19],[64,-11],[28,41],[-11,42],[-75,93],[17,87],[1,66],[-48,-29],[-28,18],[-38,72],[-61,24],[-42,38],[-39,121],[-5,128],[-13,44],[-38,35],[-188,61],[-43,-53],[-50,35],[1,85],[-39,43],[-82,1],[-69,17],[-39,39],[-25,90],[5,67],[-37,87],[-11,88],[8,36],[39,37],[88,12],[40,18],[29,56],[-10,75],[-80,85],[-70,120],[-23,109],[-17,39],[-52,56],[-6,69],[-37,65],[-52,50],[-16,98],[-46,50],[-33,86],[48,40],[18,60],[-27,0],[-12,49],[62,68],[46,-52],[26,24],[4,49],[68,17],[89,-10],[-19,57],[14,17],[-17,94],[39,6],[16,33],[-20,47],[-1,79],[-48,7],[-29,77],[-72,10],[-42,55],[8,31],[-97,91],[-24,44],[60,32],[24,84],[62,115],[17,153],[97,-5],[95,-112],[101,-22],[56,-27],[121,-36],[-13,-30],[20,-30],[135,6],[51,36],[60,72],[67,1],[57,-18],[104,-75],[23,-114],[159,-40],[11,-80],[23,-41],[-17,-47],[34,-57],[213,-24],[66,82],[136,83],[120,-49],[93,-3],[88,14],[52,-39],[40,-134],[34,-15],[74,28],[96,82],[29,50],[5,63],[-26,91],[19,46],[50,0],[115,-90],[57,-22],[114,-79],[88,-50],[107,-39],[93,-45],[81,-50],[78,-88],[54,23],[102,-36],[-5,-26],[103,-30],[5,-46],[86,-65],[113,-110],[51,-33],[13,-30],[61,-41],[3,-48],[44,-47],[20,4],[89,-54],[39,-39],[-23,-50],[40,-26],[-47,-86],[20,-66],[55,-23],[66,-2],[32,17],[62,-79],[39,-125],[6,-103],[17,-14],[116,-2],[3,-64],[-45,-31],[7,-151],[-13,-43],[13,-35],[-10,-49],[33,-12],[5,-66],[49,-142],[34,-14],[16,-39],[-15,-36],[-71,-58],[18,-76],[-18,-28],[13,-72],[-19,-10],[-48,-74],[-62,-24],[-22,-52],[1,-40],[37,-71],[-20,-35],[1,-56],[19,-86],[57,-70],[117,18],[27,38],[48,-14],[40,8],[42,65],[53,-8],[-5,-40],[87,-67],[-11,-36],[21,-40],[-34,-50],[2,-69],[-38,-22],[-10,-77],[-22,-18],[53,-42],[0,-98],[-19,-95],[-47,-55],[-129,8],[-42,-54],[-27,62],[-56,-49],[-87,-28],[-139,18],[-72,22],[-42,47],[-23,68],[-83,92],[-30,7]]],"transform":{"scale":[0.00023780894137494756,0.00017175077536552827],"translate":[109.619213,40.724487]},"objects":{"json":{"type":"GeometryCollection","geometries":[{"arcs":[[0]],"type":"Polygon","properties":{"adcode":150222,"level":"district","name":"固阳县","pinyin":"guyangxian","parent":{"adcode":150200},"childrenNum":0,"center":[110.060055,41.034757],"centroid":[110.060055,41.034757]}}]}}}