{"type":"Topology","arcs":[[[1761,412],[-183,743]],[[1578,1155],[33,67],[45,10],[17,52],[-8,32],[28,52],[0,30],[-102,28],[-56,-2],[-62,-14]],[[1473,1410],[-729,1713]],[[744,3123],[138,92],[107,49],[218,79],[157,59],[185,8],[226,12],[28,-3],[67,78],[210,78],[219,76],[15,-1],[84,-60],[50,-19],[74,-40],[76,-83],[49,-37],[87,-81],[35,-23],[49,-55],[135,-200],[142,-52],[25,-23],[31,-45],[-15,-119],[43,-172],[-2,-45],[44,-27],[19,-29],[15,-49],[3,-59],[24,-48],[11,-108],[13,-32],[25,-20],[70,-77],[68,-91],[59,-105],[44,-44],[27,-61],[24,-29],[34,-80],[33,-55],[33,-35],[51,-117],[9,-33],[99,-149],[27,-17],[43,-4],[47,-31],[47,-60],[43,-21],[-4,-35],[71,-47],[109,-86],[62,-24],[45,0],[23,-34],[28,-6],[70,8],[23,-8],[36,-44],[6,-43],[32,-41],[25,-56],[58,-64],[12,-27],[8,-156],[5,-12],[-16,-61],[-20,-12],[8,-36],[-24,-35],[-43,-14],[-32,-41],[27,-48],[50,-24],[13,-45],[-1,-32],[-62,-16],[-91,2],[-11,-31],[-42,-30],[-15,37],[-96,-32],[-58,-63],[14,-42],[-45,-17],[-27,22],[-70,35],[-68,49],[-53,5],[-41,42],[-37,13],[-22,-52],[-58,10],[-66,22],[-12,45],[-40,41],[-26,-5],[-33,34],[-38,2],[-11,-51],[-23,-20],[-62,25],[-76,14],[8,22],[-37,8],[4,24],[-25,7],[-28,-10],[-67,12],[19,55],[-28,7],[-117,-29],[-30,5],[-13,22],[-43,-1],[-35,-21],[8,-34],[-25,3],[-110,-74],[-2,-23],[-28,-16],[-47,3],[-62,32],[-43,-5],[23,-40],[-48,-59],[-25,14],[-48,-3],[-32,17],[-91,73],[-44,27],[-2,19],[-54,13],[3,11],[-53,15],[-28,-10],[-40,37],[-90,40],[-55,16],[-104,54],[-29,9],[-60,38],[-25,0],[-10,-19],[13,-38],[-18,-48],[-49,-34],[-38,-12],[-18,6],[-20,56],[-27,17],[-60,-5]],[[1473,1410],[-65,-8],[-66,19],[-34,1],[-71,135],[58,129],[-20,12],[-82,-129],[21,-117],[9,-77],[47,-159],[48,-36],[37,-66],[0,-32],[35,-26],[61,-24],[67,-38],[24,72],[36,89]],[[1761,412],[-34,0],[-62,21],[-70,-35],[-33,-34],[-110,10],[-18,24],[9,20],[-17,50],[-83,17],[-11,48],[-54,31],[-64,7],[-57,-45],[-70,-3],[-4,26],[-91,26],[-52,9],[-49,47],[-50,2],[-121,-4],[-56,-9],[-128,10],[-30,7],[-73,-4],[-61,16],[19,22],[-12,21],[-33,9],[-25,32],[35,58],[-18,93],[-26,62],[-4,57],[-34,40],[-10,58],[-36,27],[-8,22],[-80,75],[50,58],[-41,70],[-63,33],[-12,37],[-38,69],[-36,43],[14,40],[31,16],[54,10],[32,15],[50,62],[30,11],[115,169],[131,184],[35,80],[25,71],[51,18],[-49,193],[-21,96],[-59,101],[8,28],[-29,22],[-5,31],[-21,33],[4,19],[-40,41],[8,33],[-18,41],[-7,45],[-65,25],[-44,24],[224,27],[39,28],[86,5],[165,120]]],"transform":{"scale":[0.00046106279267773463,0.0004102799233086841],"translate":[109.277392,41.240089]},"objects":{"json":{"type":"GeometryCollection","geometries":[{"arcs":[[[0,1,2,3]],[[-3,4,-1,5]]],"type":"MultiPolygon","properties":{"adcode":150223,"level":"district","name":"达尔罕茂明安联合旗","pinyin":"daerhanmaominganlianheqi","parent":{"adcode":150200},"childrenNum":0,"center":[110.432626,41.698992],"centroid":[110.432626,41.698992]}}]}}}