{"type":"Topology","arcs":[[[2280,0],[-81,204],[-159,303],[-29,85],[120,42],[156,28],[45,21],[50,42],[62,31],[55,68],[283,-122],[223,-45],[31,-25],[-5,-84],[18,-79],[-208,-32],[-74,-43],[-118,-186],[-74,-81],[-110,-63],[-185,-64]],[[3046,2661],[-35,-137],[65,33],[-8,-110],[189,-2],[-15,30],[100,1],[-23,-14],[62,-42],[112,49],[8,-38],[28,-23],[15,-38],[-38,-11],[29,-406],[-57,-2],[-2,-26],[-43,-6],[14,-128],[99,15],[-11,-32],[-70,-47],[-34,-40],[-33,-17],[-59,5],[-55,25],[-75,-7],[-10,88],[-83,151],[-79,-35],[-35,29],[-179,-82],[-41,-38],[70,-7],[11,-59],[68,-68],[-26,-38],[-52,51],[-27,1],[-38,-94],[7,-80],[-206,152],[-66,2],[-153,-33],[-5,-692],[34,-69],[-171,31],[-156,11],[-181,3],[-34,78],[-12,57],[15,68],[-38,15],[-193,-3],[-127,-29],[-124,-64],[-2,-30],[-28,12],[-35,-22],[-5,-38],[-27,-1],[-13,-42],[-86,7],[-54,-53],[-42,-20],[-144,-42],[-40,-4],[-169,-64],[-138,-80],[-45,32],[14,48],[-33,18],[2,48],[27,24],[28,71],[-40,15],[20,112],[-33,9],[27,56],[42,47],[1,35],[86,62],[22,47],[-28,58],[-48,11],[4,45],[-36,24],[-41,-24],[7,60],[-7,88],[18,47],[-69,212],[-43,15],[-4,-36],[-36,1],[-4,25],[-96,20],[1,48],[-32,-4],[-47,51],[-40,23],[8,39],[32,25],[58,113],[21,86],[-62,20],[35,57],[54,-48],[62,-2],[-9,41],[118,107],[-185,165],[-5,21],[-75,-66],[-87,37],[-4,23],[-47,49],[27,149],[34,2],[10,59],[45,15],[21,44],[-16,38],[-223,111],[34,83],[-37,58],[24,22],[34,-9],[-55,57],[21,15],[-45,46],[6,44],[48,32],[55,-77],[94,39],[30,44],[31,76],[-50,45],[25,60],[70,-2],[42,-20],[42,82],[55,-40],[12,5],[-5,123],[45,-2],[-6,30],[19,63],[52,-1],[90,-17],[61,-22],[18,53],[22,11],[29,59],[-42,30],[27,54],[45,46],[58,31],[-10,56],[51,37],[24,-12],[49,25],[-19,49],[31,-40],[49,20],[25,-47],[12,12],[-19,45],[35,-32],[51,29],[27,32],[25,92],[21,11],[26,78],[97,-2],[36,97],[-6,17],[34,59],[68,-18],[40,24],[19,38],[64,1],[-19,54],[35,62],[20,2],[42,69],[59,48],[65,-36],[53,74],[57,-40],[23,23],[88,-75],[-27,-57],[36,-26],[-23,-42],[7,-22],[-21,-41],[9,-34],[-81,-32],[-71,-205],[84,-11],[-2,-50],[84,-85],[9,-87],[55,-11],[27,-36],[6,-81],[65,23],[25,-24],[8,-72],[16,-20],[-26,-65],[22,-23],[44,2],[14,-92],[23,-31],[89,39],[169,-88],[98,-78],[-1,-30],[-32,-71],[-4,-72],[27,-43],[71,-16],[-5,-15],[146,-22],[37,5],[-1,-63],[117,-4],[43,46],[26,-17],[-32,-31],[-25,-52],[50,-8],[1,-47],[43,10],[15,-77],[-47,-5],[12,-38],[-50,-37],[-19,-61],[-34,-16],[13,-40],[39,-28],[-24,-6],[-21,-40],[16,-111],[20,-6]]],"transform":{"scale":[0.00008649379582628397,0.00007304165815805523],"translate":[123.11226699999999,41.715076]},"objects":{"json":{"type":"GeometryCollection","geometries":[{"arcs":[[[0]],[[1]]],"type":"MultiPolygon","properties":{"adcode":210114,"level":"district","name":"于洪区","pinyin":"yuhongqu","parent":{"adcode":210100},"childrenNum":0,"center":[123.308062,41.793925],"centroid":[123.308062,41.793925]}}]}}}