{"type":"Topology","arcs":[[[2183,0],[-32,18],[48,88],[-19,8],[53,106],[30,112],[-86,46],[-114,94],[-78,72],[-74,36],[-121,77],[-104,88],[-58,38],[-119,110],[-62,19],[-72,-75],[-27,19],[-9,-49],[-40,10],[5,35],[-46,91],[-10,-47],[-25,6],[-4,44],[-64,62],[22,62],[17,-1],[28,89],[69,74],[16,83],[-24,58],[-36,267],[-89,157],[-76,55],[-41,-19],[-92,24],[-48,25],[-27,34],[11,51],[89,90],[-128,199],[-34,129],[-47,3],[-21,54],[-55,19],[-12,57],[-49,42],[-79,30],[-117,190],[-41,88],[-47,-23],[-46,5],[-72,-23],[-76,9],[-39,-16],[-90,5],[65,105],[100,122],[-55,-12],[-75,16],[-56,61],[9,71],[64,62],[31,80],[70,6],[111,-12],[97,9],[62,45],[66,66],[-54,27],[7,22],[110,-17],[21,24],[-34,35],[51,49],[52,-14],[71,50],[39,-2],[15,90],[-41,21],[19,47],[24,-33],[43,15],[15,-19],[41,69],[41,6],[67,87],[-37,73],[32,77],[45,18],[66,-47],[28,22],[90,24],[46,41],[-17,19],[17,61],[43,41],[80,105],[4,67],[17,16],[18,-49],[52,32],[26,-15],[71,71],[25,46],[-17,48],[62,48],[80,84],[31,-9],[6,-31],[37,17],[45,97],[-15,35],[13,34],[36,10],[62,-12],[-51,61],[37,64],[139,-45],[67,13],[-11,27],[72,22],[26,-14],[37,62],[3,36],[45,-19],[-26,34],[13,37],[45,-6],[-2,-21],[50,0],[50,45],[216,138],[129,102],[46,-3],[70,34],[144,93],[59,48],[121,73],[73,26],[186,87],[98,66],[22,-34],[102,-8],[16,-24],[-52,0],[-13,-35],[53,-20],[2,-39],[-72,-49],[-44,-108],[79,26],[58,-43],[-7,-24],[-83,-30],[-2,-62],[22,-22],[83,-17],[-35,-78],[8,-22],[62,-47],[-2,-83],[25,-36],[88,9],[1,-36],[-40,-44],[-10,-38],[62,-36],[25,-30],[81,-192],[-15,-91],[19,-97],[22,-57],[-4,-116],[42,-158],[-8,-28],[69,2],[-13,-84],[32,-86],[-20,-37],[33,-57],[-1,-48],[-85,35],[-92,-1],[-119,18],[-106,-12],[-78,-31],[3,-91],[57,-68],[37,-106],[-11,-81],[9,-157],[76,-34],[9,-26],[83,-34],[70,-63],[38,25],[4,-45],[48,-17],[-13,-33],[39,-1],[-3,-34],[73,-38],[1,-31],[62,-36],[29,-74],[-13,-20],[61,-25],[9,49],[40,-29],[7,-70],[-27,-53],[24,-33],[46,15],[164,-5],[23,-49],[-70,-69],[-53,-32],[-32,-48],[-25,-76],[5,-44],[25,-35],[-20,-26],[16,-101],[-14,-37],[-99,-38],[-39,-78],[-10,-93],[17,-81],[-78,-68],[-29,-10],[-38,55],[-55,6],[-10,-163],[65,-27],[-5,-31],[-43,-28],[-2,-60],[-22,-90],[-27,-27],[-59,17],[8,-23],[-34,-96],[-15,1],[-39,-93],[11,-53],[-27,-14],[24,-48],[25,-9],[-41,-81],[-37,14],[10,-81],[45,-46],[-27,-39],[-83,-63],[-107,-64],[-262,-6],[-112,-8],[-136,-20],[-66,-35],[-163,-137],[-84,-36],[-107,-59],[-87,12],[-225,-139],[-93,-71],[-93,-54],[-45,-66],[-84,-152]]],"transform":{"scale":[0.00016606502484337875,0.00011563779391424647],"translate":[121.83163899999998,41.460177]},"objects":{"json":{"type":"GeometryCollection","geometries":[{"arcs":[[0]],"type":"Polygon","properties":{"adcode":210726,"level":"district","name":"黑山县","pinyin":"heishanxian","parent":{"adcode":210700},"childrenNum":0,"center":[122.126645,41.653552],"centroid":[122.126645,41.653552]}}]}}}