{"type":"Topology","arcs":[[[3704,2251],[-11,-45],[-25,-25],[-31,10],[-54,-37],[-89,-10],[-38,-41],[-57,3],[-87,-37],[-37,-61],[15,-26],[54,-8],[31,-95],[-4,-37],[56,-24],[17,-46],[-13,-41],[25,-52],[5,-82],[37,-34],[-22,-21],[-14,-51],[-48,-23],[2,-42],[-57,-43],[-4,-92],[-63,-113],[-102,-107],[-78,-37],[-47,39],[-23,67],[-27,29],[-58,9],[-23,-10],[-38,-66],[-24,-18],[-74,-22],[-22,-30],[-34,-123],[-18,-9],[-62,32],[-48,1],[-82,-18],[-34,10],[-59,84],[-58,30],[-95,-2],[-15,54],[-73,-29],[-11,-16],[18,-68],[-6,-54],[19,-47],[-14,-41],[27,-26],[1,-68],[-50,-47],[-15,-52],[-84,-15],[-7,-62],[-37,-48],[-59,13],[-29,-67],[-60,34],[-2,21],[-45,28],[-104,0],[-36,65],[-84,-54],[-80,8],[-29,-20],[-27,-63],[-5,-60],[-64,-37],[2,-81],[106,16],[-8,-54],[-75,-107],[-48,-31],[0,-53],[-44,-76],[-91,15],[-57,77],[-6,96],[-24,7],[-29,59],[-21,-1],[-51,89],[-134,49],[-59,28],[-29,-17],[-51,-64],[-63,-45],[-79,-28],[-71,40],[-76,65],[-89,27],[-33,-2],[37,117],[-13,37],[-38,42],[-71,9],[-54,-27],[-34,15],[-61,-12],[-41,30],[-30,-3],[-17,45],[-48,14],[-15,25],[69,53],[62,9],[40,53],[36,1],[40,79],[99,61],[61,-1],[32,15],[83,108],[186,69],[-48,34],[-19,55],[-80,-39],[-81,67],[-7,42],[-45,80],[6,72],[-20,28],[-39,17],[26,72],[55,-42],[35,-6],[46,18],[23,-34],[26,27],[177,17],[212,116],[47,36],[28,47],[-4,83],[-50,49],[-136,51],[-29,31],[-17,85],[-50,35],[-94,4],[-56,19],[-38,56],[-8,44],[-151,25],[-26,25],[-54,2],[-52,37],[-84,24],[32,35],[15,45],[54,-22],[24,24],[27,-20],[65,15],[54,-17],[79,-53],[64,-31],[61,44],[13,59],[47,76],[-6,85],[-123,149],[-42,42],[-95,74],[-165,102],[-155,0],[-43,29],[-22,77],[24,43],[105,85],[34,61],[-18,70],[-49,46],[-22,55],[32,37],[107,77],[94,124],[101,98],[76,36],[120,41],[129,37],[134,-2],[104,-12],[44,-18],[69,2],[107,93],[61,36],[44,3],[142,77],[60,23],[34,28],[27,59],[24,20],[79,24],[32,45],[-20,126],[-69,82],[-14,44],[2,93],[48,89],[12,95],[52,154],[41,94],[86,94],[35,49],[50,93],[70,57],[-9,48],[60,-11],[85,7],[7,11],[124,13],[14,-41],[48,-35],[92,26],[65,65],[140,79],[18,18],[9,-69],[-8,-67],[-68,-68],[19,-107],[47,-101],[-5,-40],[-76,-91],[-16,-33],[10,-106],[42,-181],[0,-91],[14,-181],[0,-88],[-17,-53],[-57,-105],[-6,-85],[-28,-90],[58,-44],[113,-125],[79,-44],[241,-43],[-89,-99],[32,-45],[75,-77],[22,-62],[73,-126],[43,-43],[55,-99],[6,-113],[46,-68],[88,-16],[91,-53],[30,-31],[83,-151],[0,-32],[-29,-108],[0,-55],[47,-103],[30,-21],[40,-60],[-6,-37]]],"transform":{"scale":[0.0001604902964959587,0.0001426583668985725],"translate":[119.468019,40.780477]},"objects":{"json":{"type":"GeometryCollection","geometries":[{"arcs":[[0]],"type":"Polygon","properties":{"adcode":211324,"level":"district","name":"喀喇沁左翼蒙古族自治县","pinyin":"kalaqinzuoyimengguzuzizhixian","parent":{"adcode":211300},"childrenNum":0,"center":[119.741223,41.12815],"centroid":[119.741223,41.12815]}}]}}}