{"type":"Topology","arcs":[[[2354,3989],[31,56],[-7,40],[56,26],[38,2],[39,38],[84,12],[-22,15],[2,97],[19,35],[34,14],[112,10],[10,30],[56,19],[164,-23],[10,-22],[100,65],[48,19],[-5,54],[-88,114],[-13,33],[21,32],[118,64],[54,58],[66,48],[105,32],[73,31],[118,37],[130,-7],[173,-125],[96,-114],[23,-119],[31,-49],[45,-43],[77,-44],[64,-70],[43,-130],[11,-76],[-8,-75],[-51,-55],[-50,-39],[12,-43],[168,-114],[23,-98],[-24,-221],[31,-54],[23,-124],[-9,-97],[45,-43],[78,-33],[117,-33],[51,-49],[48,-173],[69,-130],[2,-156],[77,-76],[131,-7],[44,-59],[25,-71],[57,-75],[-25,-200],[-22,-129],[11,-81],[82,-108],[25,-76],[16,-135],[-40,-48],[-152,-75],[-199,-104],[-162,50],[-253,94],[-110,22],[-157,1],[-111,-18],[-574,-309],[124,-60],[7,-76],[-22,-26],[-77,-47],[-92,-116],[8,-37],[-45,-13],[53,-12],[9,-32],[33,-22],[-74,5],[-82,-5],[-71,-40],[6,-39],[52,-76],[-31,-8],[-114,80],[47,-78],[26,-17],[2,-28],[-146,-94],[-28,-45],[-46,20],[-47,2],[-39,-31],[3,-51],[-85,-15],[7,31],[-40,23],[-14,30],[35,32],[-19,36],[-98,39],[-10,21],[13,53],[-21,38],[-64,-11],[-37,80],[23,41],[-23,52],[-36,7],[-9,70],[-120,-26],[-47,-57],[-79,-19],[-66,24],[-46,-42],[-66,-28],[-119,18],[-63,-27],[-82,35],[-17,-65],[-1,-88],[-17,-64],[-29,-20],[-48,-59],[-5,-55],[-78,-50],[-52,6],[-30,-14],[-54,-2],[-39,-29],[-12,-51],[13,-27],[-20,-20],[-25,-60],[-38,-20],[-13,-46],[7,-43],[-41,-59],[-109,14],[-63,-11],[-52,37],[-9,21],[-56,-2],[-33,48],[13,46],[-39,79],[27,73],[-32,57],[-41,34],[-28,3],[-129,83],[-89,14],[-15,-40],[-33,-12],[-70,31],[-49,-48],[-25,20],[-27,159],[-30,58],[-42,48],[-29,3],[-28,28],[-51,6],[-17,21],[-62,20],[-31,66],[-39,57],[11,62],[-8,79],[-20,38],[64,107],[-8,27],[55,62],[13,52],[18,22],[-90,40],[-49,12],[-23,27],[-11,47],[-40,63],[67,61],[0,64],[46,41],[9,54],[-47,95],[-14,59],[-42,60],[-44,32],[2,65],[-50,45],[14,56],[41,106],[34,-30],[43,48],[46,-2],[81,-21],[71,10],[37,70],[23,25],[5,-60],[55,-13],[62,-49],[46,-56],[16,-40],[16,36],[84,8],[50,44],[27,-13],[6,-54],[81,16],[49,61],[75,43],[93,-14],[17,-81],[67,-32],[19,18],[36,-12],[27,-30],[83,-65],[107,8],[36,18],[21,29],[8,104],[93,-16],[168,-16],[86,-1],[78,74],[12,88],[-52,188],[11,61],[27,82],[65,41],[46,42],[39,68],[4,32],[43,20],[45,84],[-2,18],[70,50],[30,7],[-12,94],[26,56],[-4,64],[16,39],[62,24],[-21,27],[7,31],[47,75],[-42,111],[-26,43],[-55,34],[15,14],[-41,56],[56,104],[38,32],[38,63],[24,13],[-13,32]]],"transform":{"scale":[0.00005135755368098211,0.000044752284263959296],"translate":[125.072807,42.815861]},"objects":{"json":{"type":"GeometryCollection","geometries":[{"arcs":[[0]],"type":"Polygon","properties":{"adcode":220402,"level":"district","name":"龙山区","pinyin":"longshanqu","parent":{"adcode":220400},"childrenNum":0,"center":[125.13703,42.902194],"centroid":[125.13703,42.902194]}}]}}}