{"type":"Topology","arcs":[[[1816,5052],[142,-29],[7,11],[157,-80],[24,29],[65,-91],[59,84],[129,-76],[-28,-58],[90,-45],[9,-16],[-17,-131],[89,-34],[-29,-64],[11,-23],[-63,-57],[5,-51],[-69,35],[-8,-117],[37,-10],[-72,-81],[45,-113],[-61,-41],[-20,13],[-8,-47],[31,-129],[84,-322],[53,-125],[12,2],[49,-78],[-11,-9],[31,-70],[92,28],[51,30],[50,-74],[3,-76],[14,-59],[49,-89],[53,-74],[33,-14],[55,29],[7,-15],[92,80],[-44,82],[13,48],[124,-33],[89,79],[162,-143],[-5,-31],[34,-129],[24,-39],[53,-45],[54,-7],[93,6],[55,32],[81,11],[52,26],[70,-10],[7,-61],[-75,-98],[-6,-55],[18,-62],[-37,-134],[23,-34],[252,-183],[3,-44],[-40,-14],[-39,-33],[10,-30],[-16,-49],[-132,-199],[-5,-22],[42,-31],[90,-38],[82,-95],[-16,-48],[-224,61],[-256,67],[-19,-27],[18,-127],[176,-138],[44,-73],[7,-103],[-56,-4],[-69,-52],[-52,13],[-42,-3],[-2,-50],[-39,-26],[-99,39],[-49,-44],[-50,-23],[-86,8],[-21,-60],[9,-44],[-26,-35],[-7,-55],[-17,-27],[-4,-59],[35,-40],[89,-50],[-99,11],[-21,-8],[-7,-76],[-56,-74],[-32,-18],[-16,-57],[-34,-21],[-31,-121],[-48,-50],[-119,-40],[-15,-25],[-190,4],[20,-81],[1,-59],[-11,-53],[-39,-71],[-81,-91],[-13,-30],[-65,60],[-60,75],[-56,88],[-17,10],[-80,-45],[-40,18],[-79,-36],[-34,-3],[-56,21],[-61,-17],[-16,9],[-26,69],[-118,-67],[-43,35],[-21,41],[-1,44],[-24,31],[-37,16],[-12,33],[-39,49],[0,84],[-31,37],[-34,6],[-38,-22],[-38,32],[2,40],[-59,17],[-22,27],[9,34],[-13,36],[-43,-11],[-29,50],[3,23],[-29,43],[-54,16],[-5,84],[-23,58],[-27,39],[-2,35],[-30,35],[61,20],[326,140],[-25,44],[-30,8],[-43,-25],[-54,63],[15,75],[34,-5],[45,21],[20,-31],[89,40],[12,32],[-27,43],[-6,42],[64,22],[-13,64],[-44,-10],[-13,31],[-41,-5],[8,52],[27,34],[-4,23],[-43,53],[59,8],[-1,44],[-56,2],[11,35],[-21,58],[11,29],[72,46],[-16,52],[40,-12],[52,10],[31,21],[39,73],[-27,16],[10,30],[-18,58],[-52,34],[-16,41],[-44,30],[18,78],[38,23],[6,28],[-60,-10],[0,50],[17,25],[-16,36],[-25,-6],[-20,43],[-10,-23],[-54,0],[10,26],[-33,-1],[36,62],[-20,31],[-24,-12],[-10,42],[-35,-7],[14,24],[-36,20],[19,55],[41,-14],[-1,46],[40,-1],[-22,54],[-35,20],[26,63],[-10,18],[-101,16],[0,41],[-36,4],[-7,26],[-275,62],[-192,20],[-130,246],[-3,12],[47,268],[-8,-1],[-108,-115],[-42,-10],[-6,98],[-90,6],[-57,415],[-261,246],[-172,157],[-38,40],[-2,43],[17,33],[54,24],[37,0],[39,-21],[175,29],[184,25],[134,29],[331,92],[43,-52],[60,-38],[19,54],[98,-33],[-20,150],[31,5],[51,-72],[169,83],[39,1],[33,25],[124,137],[198,-63]]],"transform":{"scale":[0.00008048999511957358,0.00005781446725317699],"translate":[123.414667,47.070202]},"objects":{"json":{"type":"GeometryCollection","geometries":[{"arcs":[[0]],"type":"Polygon","properties":{"adcode":230206,"level":"district","name":"富拉尔基区","pinyin":"fulaerjiqu","parent":{"adcode":230200},"childrenNum":0,"center":[123.628926,47.20873],"centroid":[123.628926,47.20873]}}]}}}