{"type":"Topology","arcs":[[[4538,5089],[-45,-93],[-102,-68],[-40,-47],[1,-34],[17,-34],[23,-97],[32,-32],[23,-6],[35,30],[41,6],[21,-21],[1,-43],[-18,-30],[-36,-13],[-57,4],[-76,19],[-67,-49],[-24,-56],[-5,-52],[-20,-31],[-57,-38],[-30,-41],[1,-24],[24,-61],[58,-79],[-7,-49],[-19,-21],[-56,-25],[-28,-21],[-19,-46],[19,-50],[-24,-39],[-58,-5],[-64,-38],[-21,-38],[3,-25],[72,-95],[29,-69],[-27,-67],[29,-53],[2,-26],[-32,-25],[-67,-12],[-56,-26],[-31,-2],[-40,39],[-32,6],[-60,-29],[-28,-1],[-48,25],[-110,10],[-41,-23],[1,-51],[-138,-193],[-55,-121],[-19,-21],[-72,-43],[-2,-44],[56,-26],[11,-22],[-7,-59],[14,-27],[-5,-52],[-20,-20],[-71,-6],[-40,-14],[-26,-23],[-47,-74],[-87,-55],[-42,-50],[-18,-66],[5,-67],[-16,-27],[-24,-3],[-40,19],[-61,64],[-50,11],[-38,-27],[-8,-64],[-57,-46],[-5,-41],[-55,-73],[-45,-47],[59,-15],[31,12],[31,-19],[74,-134],[-14,-20],[-18,-67],[-6,-92],[50,-51],[4,-36],[-43,-41],[-27,5],[-53,-32],[0,-71],[-46,-63],[-52,-17],[-31,46],[-31,0],[-47,-41],[5,-40],[54,-39],[7,-44],[-40,-38],[-37,-13],[-65,13],[-49,-15],[-16,-35],[-12,-56],[-1,-80],[-43,-68],[-42,-83],[-63,-172],[-103,-263],[-4,-20],[28,-100],[-6,-80],[-59,-97],[-55,-153],[-34,-53],[-77,-14],[-43,19],[-46,105],[-63,24],[-93,-27],[-22,-22],[-11,-55],[17,-80],[-4,-26],[-30,-43],[-94,-28],[-34,0],[-85,17],[-48,3],[-80,-18],[-69,-9],[16,47],[-6,53],[35,44],[-4,28],[-32,4],[-62,-16],[-26,-15],[-69,1],[-35,38],[-14,73],[-75,65],[-42,-36],[-58,15],[-6,-22],[20,-37],[-43,-37],[-44,0],[-48,75],[-7,61],[-24,34],[-67,-27],[-9,36],[-28,35],[-25,57],[-54,205],[42,34],[-21,51],[34,37],[-18,5],[4,53],[32,-16],[-2,23],[29,26],[9,40],[-42,15],[8,60],[-47,27],[14,27],[-60,35],[-28,-39],[-30,42],[-11,-14],[-74,37],[-69,8],[17,157],[-5,27],[8,48],[20,41],[68,60],[8,48],[-9,86],[-3,129],[-4,57],[23,69],[25,45],[-52,113],[60,26],[-2,67],[25,17],[-4,20],[-42,52],[-70,62],[-85,48],[-43,-1],[104,118],[14,24],[62,36],[13,104],[17,0],[41,37],[188,44],[-10,45],[20,6],[-14,110],[-54,74],[-502,266],[-4,9],[42,15],[10,37],[9,84],[28,53],[16,9],[-19,263],[447,54],[138,-106],[137,242],[5,26],[-17,48],[188,113],[129,34],[48,-2],[30,9],[58,1],[88,43],[276,144],[259,132],[322,162],[295,150],[173,-147],[278,108],[39,12],[-39,201],[-4,8],[313,2],[33,-159],[148,14],[83,-29],[34,-68],[46,-2],[173,11],[152,219],[63,88],[185,230],[60,-7],[2,19],[158,-13],[1,-61],[35,-25],[28,-5],[40,10],[48,-4]]],"transform":{"scale":[0.00017240968096809723,0.00012706786196259876],"translate":[123.528151,47.218425999999994]},"objects":{"json":{"type":"GeometryCollection","geometries":[{"arcs":[[0]],"type":"Polygon","properties":{"adcode":230208,"level":"district","name":"梅里斯达斡尔族区","pinyin":"meilisidawoerzuqu","parent":{"adcode":230200},"childrenNum":0,"center":[123.752482,47.309755],"centroid":[123.752482,47.309755]}}]}}}