{"type":"Topology","arcs":[[[1916,5344],[6,-172],[12,-42],[23,-34],[56,-58],[460,-449],[38,-46],[21,-47],[8,-141],[32,-61],[52,-55],[60,-45],[26,-32],[13,-37],[0,-39],[-52,-80],[-8,-49],[8,-41],[24,-37],[44,-32],[52,-10],[123,2],[27,-16],[13,-63],[-58,-66],[2,-30],[16,-36],[92,-40],[79,-22],[131,-18],[97,-9],[6,-18],[-59,-22],[-14,-35],[21,-14],[29,16],[75,3],[2,65],[33,5],[103,0],[26,-13],[23,-29],[61,-113],[75,-131],[53,-101],[36,-110],[50,-132],[128,-204],[152,-189],[4,-64],[-21,-32],[-57,-63],[-50,-71],[-21,-50],[-26,-80],[24,7],[26,47],[39,52],[46,8],[53,-10],[304,-187],[30,-56],[44,-38],[101,-99],[19,-121],[40,-61],[60,-26],[72,-17],[71,-6],[70,-82],[65,-33],[67,-7],[22,-12],[18,-33],[1,-43],[-14,-27],[-31,-26],[-44,-20],[-138,-79],[-52,-75],[-54,-135],[-2,-16],[-41,-10],[-2,-31],[-32,-28],[-65,-22],[-46,17],[-57,-4],[-79,-14],[-24,-26],[-28,12],[-37,0],[-31,-33],[-22,5],[-12,-28],[-32,-24],[-44,-49],[-29,3],[-14,-13],[-45,11],[-17,-20],[6,-31],[-66,-52],[-12,-46],[-47,-44],[-4,-21],[-75,6],[-17,-7],[-33,-45],[4,-40],[26,-35],[14,-38],[-23,-26],[12,-88],[-51,-23],[-62,16],[-47,5],[-53,37],[-22,6],[-58,-7],[-11,-18],[-36,-10],[-43,-28],[-19,-1],[-63,-33],[-128,33],[12,37],[-5,18],[-37,19],[-31,28],[0,18],[-61,4],[-26,9],[-5,-21],[-58,-61],[-21,-8],[-6,-48],[-42,-8],[-30,-21],[-9,-23],[-62,-32],[10,-36],[-45,-42],[-22,-6],[-39,-30],[-5,-35],[-36,-50],[-25,-5],[-60,16],[-31,-3],[-23,31],[-48,20],[-38,2],[-23,31],[-57,15],[-79,44],[-47,6],[-61,-7],[-42,17],[-43,2],[-51,14],[-15,47],[-23,6],[-72,-2],[-107,-13],[-5,-20],[-49,-7],[-38,-45],[-78,-18],[-18,2],[-23,-25],[1,-44],[-34,-65],[-75,14],[-29,-2],[-21,24],[-51,-2],[-41,6],[-73,25],[-29,16],[-80,-23],[-50,-64],[-16,16],[-29,4],[-76,-3],[-63,-40],[-98,20],[-62,-16],[-21,2],[25,51],[-21,34],[-6,48],[-28,40],[3,56],[53,39],[4,50],[-30,25],[-37,44],[23,62],[-51,21],[-57,5],[-29,31],[12,27],[-9,19],[-86,1],[-70,5],[-53,-6],[-21,-27],[-18,-4],[-97,17],[-42,56],[-101,24],[-17,-2],[-15,-34],[-51,-5],[-28,-15],[-36,10],[-50,-1],[-7,34],[-53,50],[374,234],[202,610],[108,1198],[-84,499],[-244,456],[-243,450],[395,53],[9,16],[89,77],[16,49],[0,38],[-12,40],[-24,37],[4,41],[18,50],[111,170],[7,20],[-7,89],[10,36],[31,52],[42,20],[122,24],[31,32],[65,46],[65,34],[65,28],[73,21],[101,21],[172,64],[73,22],[97,45],[131,69],[119,42]]],"transform":{"scale":[0.0001662680876026571,0.00016649681886227508],"translate":[128.555735,46.48288500000001]},"objects":{"json":{"type":"GeometryCollection","geometries":[{"arcs":[[0]],"type":"Polygon","properties":{"adcode":230725,"level":"district","name":"大箐山县","pinyin":"daqingshanxian","parent":{"adcode":230700},"childrenNum":0,"center":[129.020519,47.028313],"centroid":[129.020519,47.028313]}}]}}}