{"type":"Topology","arcs":[[[1615,508],[-64,14],[-2,-40],[-51,-107],[-61,-1],[-86,41],[-17,-43],[-42,-38],[5,-73],[-46,0],[38,-50],[39,-1],[50,-46],[-9,-68],[-54,-23],[-71,-1],[-30,-14],[-64,34],[-86,-4],[-32,-39],[-33,45],[-13,-38],[-53,-56],[-41,23],[-53,-6],[-43,12],[24,29],[-31,31],[25,68],[-10,57],[-29,27],[-50,14],[-5,24],[-36,36],[-20,65],[-51,21],[-43,110],[-18,13],[3,41],[-56,33],[-7,27],[106,99],[27,10],[91,59],[-46,67],[138,45],[-48,96],[-21,-39],[-55,-10],[-64,49],[-68,66],[-27,3],[-61,34],[-46,75],[-71,2],[-101,71],[-16,-17],[-134,75],[12,30],[-40,10],[-49,68],[-2,68],[43,70],[-3,35],[-32,42],[4,24],[-29,32],[0,57],[55,42],[124,21],[87,-12],[45,-47],[56,-9],[17,48],[60,57],[-6,18],[62,-7],[21,14],[55,-4],[31,31],[15,-26],[98,-3],[46,36],[44,49],[25,-6],[24,-37],[40,9],[23,26],[34,0],[65,22],[35,-25],[33,25],[50,-6],[45,-27],[11,-27],[51,-20],[42,1],[48,-20],[64,41],[0,16],[46,30],[40,-14],[27,5],[24,-18],[59,18],[92,-10],[63,-17],[46,18],[107,-4],[46,70],[0,38],[32,58],[-7,22],[21,28],[29,1],[18,82],[27,16],[447,-413],[8,40],[31,40],[1,55],[22,21],[74,16],[82,3],[77,-40],[73,-14],[38,43],[-14,54],[33,28],[21,41],[56,38],[75,25],[49,-7],[32,-44],[69,-16],[10,-49],[33,-55],[16,-73],[-9,-48],[-17,-14],[8,-61],[17,-36],[-27,-125],[18,-92],[78,71],[12,65],[29,22],[62,22],[29,32],[-27,57],[31,34],[48,13],[101,-12],[37,50],[-35,99],[25,51],[-33,91],[-29,22],[-20,75],[27,44],[145,-6],[2,78],[10,38],[-33,65],[-1,86],[-46,-3],[-27,-23],[-61,-26],[-6,87],[32,55],[54,-8],[54,-48],[49,16],[14,59],[82,28],[52,214],[30,220],[38,73],[43,62],[22,15],[-145,92],[64,117],[48,-10],[92,-42],[77,24],[28,26],[30,-26],[44,27],[44,-5],[124,17],[44,-10],[-70,-319],[7,-31],[46,-1],[41,48],[19,72],[20,13],[-4,46],[39,-13],[31,-88],[100,-75],[27,-60],[-28,-43],[-147,-112],[-26,-43],[17,-103],[60,-121],[70,-190],[191,-52],[19,-103],[-175,-26],[-96,-114],[21,-120],[19,-225],[-65,-92],[-24,-185],[-89,-62],[-60,-79],[-23,-103],[-84,-69],[-107,-26],[-68,-10],[-145,-74],[-65,-56],[26,-52],[-38,-105],[61,-167],[-97,-82],[-2,-86],[-47,-285],[-134,-2],[-27,18],[-43,121],[18,38],[-49,0],[-23,-19],[-41,16],[-81,15],[-51,33],[-94,14],[-55,29],[62,89],[-34,15],[-57,-59],[-26,3],[-129,-131],[-33,12],[-38,85],[-29,37],[-52,-8],[-14,39],[-42,55],[-37,82],[-20,12],[-49,-2],[-28,-26],[-118,205],[-49,-22],[-34,-44],[-418,-371],[-359,-142],[-65,-19],[-98,30],[-23,104]]],"transform":{"scale":[0.00018000465304471297,0.00014572317351598286],"translate":[130.690349,45.740089]},"objects":{"json":{"type":"GeometryCollection","geometries":[{"arcs":[[0]],"type":"Polygon","properties":{"adcode":230902,"level":"district","name":"新兴区","pinyin":"xinxingqu","parent":{"adcode":230900},"childrenNum":0,"center":[130.93226,45.816579],"centroid":[130.93226,45.816579]}}]}}}