{"type":"Topology","arcs":[[[21,2414],[18,-40],[51,7],[5,31],[101,31],[-17,32],[-55,10],[-21,57],[137,70],[14,-30],[100,50],[7,-14],[96,40],[-13,28],[156,46],[-19,77],[-47,42],[81,38],[-26,48],[73,15],[-45,21],[13,49],[49,25],[-12,37],[69,36],[14,38],[-63,25],[-14,37],[-66,37],[5,57],[-43,33],[71,13],[59,68],[87,1],[42,25],[-23,86],[-111,9],[-116,78],[7,115],[194,99],[74,9],[24,-32],[30,29],[74,-12],[159,87],[0,112],[129,121],[113,26],[7,51],[42,46],[115,72],[-10,-55],[77,-13],[91,14],[12,29],[59,-5],[7,64],[-31,18],[62,99],[35,4],[-10,79],[48,-14],[40,31],[4,-48],[38,-62],[9,-106],[38,-71],[90,47],[4,57],[29,10],[-12,-104],[95,21],[4,33],[82,45],[21,71],[45,-54],[60,18],[59,56],[-9,31],[81,4],[58,-28],[17,46],[42,-33],[73,30],[32,90],[55,-17],[64,-56],[15,-90],[45,-116],[38,11],[41,-107],[-65,-44],[83,-99],[-40,-8],[7,-110],[39,-45],[-10,-42],[62,2],[47,-106],[-19,-14],[31,-120],[78,-17],[42,-136],[-21,-53],[18,-72],[2,-102],[-60,-37],[25,-57],[-14,-50],[-67,21],[-203,-82],[44,-61],[-25,-16],[-12,-76],[96,-13],[27,-74],[-42,-72],[38,-11],[51,-128],[56,1],[11,-46],[-37,-20],[104,-125],[-14,-54],[92,-158],[-62,-31],[9,-45],[-44,-43],[-35,7],[4,-73],[57,-5],[85,-95],[28,11],[28,-97],[-50,-4],[-7,-88],[51,-102],[-4,-73],[52,8],[-22,-80],[-61,8],[-64,-122],[-47,-116],[-63,-33],[41,-92],[50,-10],[-78,-44],[9,-36],[-93,-34],[14,-65],[77,15],[51,-183],[38,-8],[-9,-37],[75,-24],[17,42],[181,-43],[23,-45],[34,35],[88,-20],[-6,-52],[-103,6],[-13,-59],[41,-63],[61,-10],[-2,-29],[124,-11],[9,42],[82,-29],[-74,-230],[-38,21],[-10,-33],[-57,62],[-24,-18],[-52,-108],[-101,2],[0,-41],[-105,27],[3,78],[-48,-69],[-68,1],[-85,-70],[-15,-67],[-111,-42],[-47,1],[-107,-42],[-178,59],[-87,7],[-62,30],[-58,94],[-18,88],[-51,32],[-33,52],[40,63],[-56,1],[-72,28],[-58,-21],[-98,73],[-7,46],[-54,-15],[-192,2],[-65,16],[-65,47],[-124,11],[-80,-38],[-32,-73],[-102,-33],[-22,94],[-41,17],[-19,-57],[-30,44],[-46,-73],[-145,-38],[-67,20],[-28,-42],[-70,36],[-31,-17],[-73,59],[-41,-33],[-35,22],[20,50],[-33,9],[-6,74],[-72,91],[-23,-27],[-46,50],[-33,-76],[-54,26],[31,76],[-2,80],[25,71],[56,14],[27,41],[-29,64],[-41,-5],[-74,79],[21,37],[-54,82],[26,3],[-100,184],[-69,-70],[9,-46],[-84,-15],[-55,9],[-28,160],[10,41],[-20,87],[86,109],[-10,110],[-35,47],[4,164],[-93,-25],[-85,12],[-10,64],[41,7],[-42,71],[-128,-18],[-14,71],[13,99],[-24,110],[21,3]]],"transform":{"scale":[0.00006973233350279602,0.00005791620111731871],"translate":[121.106564,31.227206999999996]},"objects":{"json":{"type":"GeometryCollection","geometries":[{"arcs":[[0]],"type":"Polygon","properties":{"adcode":310114,"level":"district","name":"嘉定区","pinyin":"jiadingqu","parent":{"adcode":310100},"childrenNum":0,"center":[121.265276,31.375566],"centroid":[121.265276,31.375566]}}]}}}