{"type":"Topology","arcs":[[[643,554],[-64,12],[-13,-26],[2,-153],[-43,-119],[-114,-137],[-62,-49],[-29,-5],[-40,-49],[11,-28],[-46,4],[9,18],[-58,7],[13,58],[-35,29],[-23,50],[-106,114],[-45,97],[8,29],[37,22],[22,45],[-2,83],[-35,53],[26,38],[60,-3],[38,34],[12,33],[-8,57],[29,51],[-79,87],[-4,17],[42,34],[51,66],[19,118],[-3,44],[-34,11],[9,37],[21,-22],[48,16],[30,37],[34,5],[49,44],[72,152],[24,163],[-20,129],[-63,17],[-15,21],[45,63],[47,30],[-18,54],[28,63],[-20,74],[44,27],[75,67],[90,58],[65,31],[92,29],[6,31],[-41,76],[-137,81],[-108,95],[76,63],[24,40],[23,-16],[22,26],[27,-12],[54,46],[85,-83],[44,23],[41,-55],[33,-11],[30,30],[27,-51],[45,-2],[39,26],[-20,28],[48,119],[24,31],[-9,22],[-64,-12],[29,80],[30,7],[-18,67],[19,26],[70,1],[13,404],[-67,42],[-43,42],[160,241],[50,64],[37,32],[132,70],[71,24],[115,24],[82,-31],[104,-106],[143,-160],[37,-27],[77,-22],[104,24],[95,61],[104,113],[73,115],[192,2],[54,37],[22,39],[44,20],[40,-169],[96,-9],[22,-106],[1,-66],[71,-13],[62,49],[36,-2],[-13,-74],[105,-10],[-10,-47],[82,6],[-9,-36],[62,-12],[26,25],[24,84],[92,-4],[30,50],[78,-34],[20,31],[52,-51],[19,30],[52,31],[44,-135],[49,-118],[285,21],[-17,214],[100,66],[296,35],[118,1],[115,33],[38,-113],[-102,-139],[-78,-98],[-173,-119],[-17,-19],[-152,-263],[-82,-161],[-38,-161],[-69,-3],[-56,-31],[-59,5],[-16,27],[-121,8],[-38,-29],[-97,67],[-168,16],[-63,-19],[-44,7],[-35,51],[-42,12],[-59,52],[-109,26],[-26,-28],[-44,7],[-99,-9],[6,-84],[-18,0],[19,-50],[-31,-20],[-54,2],[-36,-69],[-6,-71],[-134,-26],[-44,6],[-8,24],[24,73],[-52,76],[-11,-39],[-55,9],[4,-148],[-16,-28],[-34,1],[5,58],[-51,2],[-9,60],[-40,25],[-38,89],[-123,-7],[-79,-29],[-24,-37],[-52,25],[11,-75],[-107,-1],[-4,-32],[-38,-33],[-49,-83],[-77,7],[-26,92],[-19,8],[-104,-69],[-5,-26],[43,1],[-27,-73],[-104,-101],[15,-50],[81,-33],[42,21],[37,55],[30,9],[86,-75],[49,22],[35,-62],[5,-72],[-28,-81],[21,-46],[-18,-69],[38,-35],[-42,-51],[-55,-43],[4,-32],[49,-62],[67,-3],[28,-42],[40,-3],[-29,-47],[3,-64],[42,-16],[44,-55],[3,-61],[43,-61],[-18,-80],[29,-88],[-15,-37],[-123,-5],[-34,-88],[-12,-67],[-113,-86],[-6,-68],[-28,-13],[-63,-83],[-50,16],[-123,55],[-55,-118],[-76,-23],[-71,43],[-4,57],[-46,90],[-28,21],[-35,-61],[-39,-8],[-11,40],[-96,-5],[-85,22],[-77,-49],[63,-16],[14,-33],[-61,0],[-38,29],[-50,-22],[-11,-21],[56,-89],[-4,-16],[-52,19],[-51,-62],[-41,-14],[13,-30],[-40,-27],[-72,40],[3,40],[-25,23],[-52,9],[-47,-71],[-3,-22]]],"transform":{"scale":[0.00012866715481171692,0.0001140968553459125],"translate":[120.077197,29.843473]},"objects":{"json":{"type":"GeometryCollection","geometries":[{"arcs":[[0]],"type":"Polygon","properties":{"adcode":330109,"level":"district","name":"萧山区","pinyin":"xiaoshanqu","parent":{"adcode":330100},"childrenNum":0,"center":[120.264263,30.184119],"centroid":[120.264263,30.184119]}}]}}}