{"type":"Topology","arcs":[[[4342,1303],[233,-1]],[[4575,1302],[-4,-97],[-28,-253]],[[4543,952],[-404,118]],[[4139,1070],[93,177],[44,31],[39,-14],[27,39]],[[4342,1303],[32,88],[-5,32],[-41,61],[-28,16],[-45,-11],[-79,-65],[-25,-8],[-41,-45],[-25,-14],[-37,-112],[-22,-30],[-45,-95],[-10,-65],[17,-49],[32,-15],[55,5],[48,41],[16,33]],[[4543,952],[-8,-69],[-81,-332],[-109,-293],[-51,-258],[-39,194],[-36,202],[-42,216],[-43,26],[-195,3],[-419,-4],[-139,38],[-224,79],[-63,-7],[-50,-17],[-111,31],[-102,58],[-38,3],[-67,-86],[-50,7],[-125,91],[-105,52],[-128,-17],[-18,20],[-43,103],[-42,42],[-394,340],[-190,158],[-52,26],[-54,-16],[-45,-36],[-67,-36],[-42,-13],[-68,6],[-84,-9],[-60,-11],[-73,3],[-100,21],[-72,44],[-50,17],[-16,13],[12,150],[13,70],[42,101],[5,50],[-92,184],[1,37],[14,23],[81,72],[-13,64],[-53,68],[-109,122],[-60,54],[-67,69],[-82,9],[-166,130],[-71,29],[-56,-6],[-46,-35],[-45,-21],[-72,268],[-25,42],[-48,6],[-11,21],[4,34],[25,108],[13,24],[41,-28],[21,-32],[12,-40],[40,-52],[29,-4],[42,-23],[-51,-40],[-10,8],[-65,3],[4,-36],[48,4],[29,-27],[45,30],[20,31],[40,37],[37,12],[61,6],[20,21],[11,30],[1,61],[21,61],[15,16],[17,-10],[29,16],[7,39],[24,8],[19,-28],[63,15],[58,-9],[21,11],[46,-13],[29,1],[54,27],[56,108],[84,22],[30,-15],[33,47],[-9,53],[21,23],[-2,25],[-32,47],[6,73],[34,0],[66,-74],[46,-30],[173,-10],[67,-1],[164,-80],[29,-6],[32,7],[92,64],[46,-1],[36,-17],[55,-7],[67,40],[45,34],[81,-54],[3,-82],[13,-26],[21,-117],[43,-9],[40,8],[-1,59],[21,9],[22,56],[18,2],[20,-20],[37,15],[20,-33],[8,27],[31,9],[-12,35],[11,16],[-1,48],[32,29],[18,32],[-11,22],[-12,57],[31,13],[15,21],[-7,32],[-23,14],[25,31],[47,39],[14,36],[-20,71],[2,46],[16,27],[-12,31],[3,43],[48,51],[19,37],[-13,44],[47,42],[71,0],[70,48],[117,-52],[87,96],[84,-47],[72,-96],[62,-57],[66,-16],[77,-45],[13,-43],[-46,-55],[-50,-75],[-143,-54],[10,-89],[70,-62],[17,-35],[-6,-38],[-18,-37],[16,-43],[43,-45],[14,-40],[-11,-45],[-25,-61],[60,-18],[24,-15],[49,-65],[52,-100],[39,-20],[138,16],[44,27],[47,48],[-16,98],[41,14],[73,3],[85,18],[124,-34],[60,-43],[74,-37],[66,12],[63,-18],[41,-82],[31,-82],[41,-32],[39,-39],[31,-225],[-3,-7],[-120,-71],[-8,-39],[49,-24],[147,-3],[33,-32],[-9,-71],[-49,-139],[-3,-82],[36,-67],[80,-84],[15,-28],[-23,-43],[-31,9],[-127,-108],[87,-176],[3,-68],[-10,-33],[-24,-16],[4,-36],[-12,-35],[2,-36],[14,-21],[-13,-8],[11,-42],[81,18],[68,-27],[35,-71],[-7,-165]]],"transform":{"scale":[0.000066614578786556,0.00005347273143904664],"translate":[118.581058,31.449257999999997]},"objects":{"json":{"type":"GeometryCollection","geometries":[{"arcs":[[[0,1,2,3]],[[-1,4,-3,5]]],"type":"MultiPolygon","properties":{"adcode":340506,"level":"district","name":"博望区","pinyin":"bowangqu","parent":{"adcode":340500},"childrenNum":0,"center":[118.818276,31.55117],"centroid":[118.818276,31.55117]}}]}}}