{"type":"Topology","arcs":[[[682,38],[17,121],[67,119],[19,53],[-30,102],[-42,16],[-116,-25],[-89,-47],[-71,10],[-24,28],[-18,75],[52,103],[12,68],[128,-27],[85,8],[-34,91],[-38,61],[-15,78],[-45,129],[-23,151],[-64,1],[-42,22],[-41,-7],[-61,17],[-94,86],[42,90],[41,34],[77,-32],[46,37],[-9,78],[22,75],[-14,20],[-59,-25],[-54,98],[-88,24],[-14,39],[-98,159],[13,24],[-63,74],[-57,42],[68,35],[16,40],[51,38],[10,44],[26,-14],[47,21],[-9,22],[76,7],[-44,70],[40,10],[24,69],[34,14],[-1,46],[-42,52],[1,53],[35,74],[-68,55],[45,77],[107,112],[-7,73],[41,60],[19,63],[31,-30],[59,36],[58,10],[-22,62],[39,28],[20,74],[63,32],[-51,15],[1,53],[-25,8],[-48,111],[14,31],[38,-18],[45,26],[-33,45],[-28,82],[-2,47],[-122,-22],[-12,107],[-18,18],[-75,-25],[-7,32],[15,75],[29,75],[-4,29],[-68,-5],[119,229],[-5,52],[42,35],[25,79],[-47,86],[38,90],[63,22],[11,75],[25,19],[18,66],[-2,76],[-29,75],[13,37],[-43,51],[-80,10],[-28,-11],[-110,7],[-40,33],[-38,78],[25,53],[-5,51],[78,55],[118,-3],[45,35],[10,126],[-25,42],[-10,67],[28,17],[-1,40],[-38,50],[-25,8],[0,127],[36,45],[-69,82],[6,56],[20,30],[115,84],[48,3],[151,-23],[23,8],[79,-31],[129,-30],[71,2],[62,-16],[157,-88],[63,-54],[151,-56],[318,-128],[87,-13],[34,-66],[-13,-86],[5,-157],[-4,-176],[13,-48],[49,-49],[124,13],[177,93],[127,21],[89,-3],[153,-37],[39,-24],[-58,-57],[-92,-25],[-155,-77],[-80,-14],[-63,-29],[-37,-57],[64,-60],[-8,-50],[34,-55],[135,-3],[-67,-76],[-88,-53],[-173,-77],[-51,-38],[-30,-57],[-40,-17],[60,-69],[72,-45],[92,-95],[6,-60],[42,-42],[77,26],[35,-17],[16,-44],[-31,-75],[30,-11],[149,12],[50,-24],[13,-33],[-1,-92],[-62,-145],[14,-39],[72,-100],[13,-58],[-10,-106],[6,-39],[36,-51],[4,-59],[-89,-104],[-28,-45],[-9,-51],[12,-81],[50,-68],[7,-36],[37,-43],[2,-179],[8,-54],[-30,-51],[36,-93],[43,-29],[37,-59],[62,-33],[47,-45],[27,-53],[99,-37],[19,-53],[69,-2],[67,-83],[38,-7],[40,-44],[52,2],[5,-33],[-87,-114],[-50,-44],[13,-59],[-22,-28],[-29,6],[-35,-38],[18,-29],[-65,-29],[4,-27],[-42,-7],[19,-49],[-60,-4],[-12,-35],[-68,-4],[-11,-22],[-56,4],[-49,-32],[-83,-17],[-45,9],[-80,-48],[-8,-21],[-94,-17],[-81,-47],[-17,21],[-51,-18],[-31,32],[-59,-13],[-37,-57],[-70,23],[-44,-26],[-52,-1],[31,-36],[-85,-27],[-119,-21],[-42,-31],[-37,-73],[-63,-45],[-48,-72],[-13,-80],[-49,-82],[-39,-27],[-73,-20],[-48,2],[-103,-32],[-138,59],[-49,-25],[-22,-79],[-77,-64],[101,-126],[7,-41],[-56,-82],[-52,-171],[-71,-71],[-103,-27],[-199,38]]],"transform":{"scale":[0.00011740507093269061,0.00012517944018660443],"translate":[116.449587,31.278673]},"objects":{"json":{"type":"GeometryCollection","geometries":[{"arcs":[[0]],"type":"Polygon","properties":{"adcode":341502,"level":"district","name":"金安区","pinyin":"jinanqu","parent":{"adcode":341500},"childrenNum":0,"center":[116.539458,31.75014],"centroid":[116.539458,31.75014]}}]}}}