{"type":"Topology","arcs":[[[4638,3458],[-25,-148],[-20,-45],[12,-28],[81,-55],[6,-19],[-50,-53],[-30,-87],[22,-101],[52,-50],[110,-58],[57,-138],[35,-66],[17,-148],[29,-77],[6,-72],[-33,-65],[3,-34],[36,-62],[3,-43],[-34,-60],[-55,-57],[-67,-24],[-36,-31],[17,-22],[88,-64],[11,-56],[-57,-66],[45,-144],[27,-42],[54,-37],[18,-44],[8,-75],[-40,-121],[61,-126],[65,-54],[53,-76],[-11,-37],[-66,-10],[-50,-39],[-24,-2],[-54,30],[-66,11],[-17,-17],[32,-40],[-1,-43],[48,-10],[0,-40],[-60,-38],[-79,10],[-78,27],[-35,30],[-79,-45],[-8,-19],[27,-61],[-18,-39],[-57,-50],[-76,9],[-85,-22],[-92,-99],[-70,27],[-19,47],[-47,46],[3,30],[-28,12],[-74,-14],[-51,-35],[-20,-49],[-48,-20],[-57,99],[-38,5],[-29,36],[-1,37],[-62,37],[-84,-32],[-76,-1],[-51,19],[-129,67],[-64,-8],[-62,-39],[-110,-119],[-51,-81],[-28,-69],[-51,-50],[-26,-58],[-8,-50],[-45,-73],[-91,-69],[-65,-67],[-30,19],[-60,-24],[-25,6],[-11,-36],[-68,-19],[-34,-30],[-79,-17],[-46,22],[-32,-16],[-13,-32],[-23,18],[-43,-2],[-19,-28],[-125,8],[-57,-13],[-17,29],[-131,7],[-56,23],[-86,-2],[5,42],[-61,-2],[-82,63],[-64,27],[47,7],[-6,26],[-34,-1],[-34,38],[-26,-18],[-70,-16],[-45,4],[-47,49],[-23,47],[-59,-73],[-108,25],[-21,-49],[-76,-11],[-13,38],[-38,-10],[-25,18],[1,35],[-27,8],[16,31],[-50,29],[-23,-39],[9,-22],[-49,17],[13,45],[-58,63],[-32,-25],[-23,13],[-63,-29],[6,-25],[-36,-12],[-54,21],[17,27],[-38,13],[-22,31],[11,44],[-35,9],[-8,140],[-34,0],[-26,29],[40,58],[19,0],[-40,90],[40,62],[86,48],[27,58],[-5,22],[-73,45],[-43,143],[35,27],[7,62],[49,140],[8,53],[-17,34],[29,91],[-60,103],[-61,51],[-14,26],[-3,81],[-74,163],[-2,72],[17,113],[43,80],[-4,44],[-66,75],[4,50],[-24,52],[-58,15],[-1,26],[49,43],[-18,56],[13,49],[-12,95],[-39,27],[-9,194],[8,112],[-71,159],[1,73],[-38,41],[-35,14],[9,49],[22,26],[-7,86],[-40,15],[-94,5],[1,26],[66,53],[57,13],[17,113],[-19,34],[-48,24],[-9,47],[-146,-1],[-53,-18],[12,52],[69,58],[117,53],[18,39],[3,74],[171,93],[78,73],[47,5],[32,-16],[43,7],[72,38],[112,130],[109,95],[144,0],[71,-15],[182,-77],[66,-122],[41,-126],[23,-20],[121,-39],[143,-16],[106,-33],[76,-104],[87,-224],[39,-77],[42,-57],[125,-72],[46,-140],[143,-1],[26,-59],[36,-38],[107,196],[91,-45],[68,109],[72,-31],[92,46],[64,-75],[38,7],[11,58],[-35,133],[128,73],[35,85],[21,93],[64,6],[111,-5],[176,0],[92,-73],[119,-205],[68,-105],[180,-82],[64,-34],[92,-33],[237,55],[253,-86],[90,7]]],"transform":{"scale":[0.00013777599373408962,0.00014725458115183288],"translate":[115.845743,31.93007]},"objects":{"json":{"type":"GeometryCollection","geometries":[{"arcs":[[0]],"type":"Polygon","properties":{"adcode":341522,"level":"district","name":"霍邱县","pinyin":"huoqiuxian","parent":{"adcode":341500},"childrenNum":0,"center":[116.277966,32.353362],"centroid":[116.277966,32.353362]}}]}}}