{"type":"Topology","arcs":[[[1327,4581],[-1,81],[71,-8],[66,76],[26,13],[46,-4],[94,13],[84,42],[23,29],[49,24],[43,56],[19,4],[24,84],[72,102],[96,-28],[33,0],[89,22],[12,35],[44,31],[59,-12],[53,-34],[86,-9],[20,-18],[-4,-68],[-23,-144],[18,-35],[67,-47],[47,52],[78,35],[-10,-59],[55,-41],[144,-32],[67,-23],[27,-49],[88,1],[48,23],[-2,53],[138,-7],[31,-92],[36,-23],[78,31],[69,48],[47,15],[59,-11],[46,21],[29,30],[88,2],[70,14],[37,-4],[47,16],[47,0],[86,-20],[86,3],[52,-56],[55,39],[45,68],[-10,67],[29,18],[32,44],[-1,210],[77,24],[31,-65],[103,-84],[1,-48],[36,-64],[19,-12],[-20,-79],[98,-8],[19,-80],[-72,-35],[4,-48],[-15,-53],[-38,-66],[-83,-38],[-11,-41],[30,-26],[-32,-69],[4,-84],[-33,-64],[30,-105],[42,-67],[-33,-38],[-22,-79],[-40,-77],[-51,-47],[-2,-26],[52,-31],[7,-63],[-125,18],[-46,-44],[-26,-70],[-38,-42],[-133,-42],[-107,34],[-87,9],[-29,-18],[-36,-98],[-22,-23],[-100,6],[-40,-31],[-21,-44],[-46,-43],[33,-41],[1,-73],[31,-7],[164,-86],[54,-9],[53,-27],[49,-40],[10,-139],[37,-40],[107,-24],[43,-32],[2,-42],[-50,-112],[1,-51],[31,-93],[5,-44],[-9,-63],[-35,-74],[-27,-34],[-10,-94],[-44,-65],[-52,-8],[-63,21],[-97,43],[-165,-8],[-115,0],[-84,-32],[-45,-9],[-73,5],[-71,38],[-54,8],[-64,-13],[-52,-25],[-59,-45],[-66,-64],[-24,-33],[1,-63],[55,-118],[-8,-34],[-56,-64],[-98,-75],[-87,-17],[-111,-14],[-136,27],[-117,-2],[-157,-30],[-51,-20],[-55,-93],[4,-134],[-2,-73],[10,-44],[-125,-35],[-114,3],[-57,-9],[-43,-47],[-14,-39],[0,-63],[35,-86],[11,-51],[-26,-91],[-56,-55],[-70,-33],[-69,-15],[-89,-54],[-23,-33],[-21,-63],[-57,-22],[-79,34],[-66,-3],[-39,-44],[9,-39],[-25,-21],[-25,-63],[-10,-94],[11,-119],[-20,-39],[-81,-39],[-87,-112],[-29,3],[-113,36],[-89,5],[-63,11],[-84,57],[-153,64],[-81,57],[-65,33],[-24,54],[-30,127],[-17,36],[-66,40],[-24,33],[12,60],[27,31],[81,59],[244,201],[40,55],[64,69],[33,111],[-4,63],[-42,74],[-14,49],[-11,129],[-20,53],[-51,94],[2,43],[91,120],[22,79],[-26,76],[-104,116],[-99,148],[-7,145],[-28,96],[-42,66],[-45,31],[-25,168],[-66,95],[-94,550],[240,95],[23,63],[25,127],[32,53],[-3,39],[-32,69],[27,15],[80,11],[60,19],[52,-21],[130,-6],[-13,66],[-55,103],[-37,16],[-10,29],[-36,35],[-25,145],[-68,16],[46,84],[-7,52],[37,82],[5,49],[59,19],[38,-29],[87,-22],[37,-30],[30,-6],[-2,31],[34,12],[-2,25],[49,20],[118,-13],[31,-35],[36,-18],[62,-4],[24,10],[13,60],[123,28],[28,-5],[46,-50],[31,-7],[14,117]]],"transform":{"scale":[0.00008392578890097881,0.00009459502218792157],"translate":[118.995068,30.813013000000005]},"objects":{"json":{"type":"GeometryCollection","geometries":[{"arcs":[[0]],"type":"Polygon","properties":{"adcode":341821,"level":"district","name":"郎溪县","pinyin":"langxixian","parent":{"adcode":341800},"childrenNum":0,"center":[119.184326,31.142995],"centroid":[119.184326,31.142995]}}]}}}