{"type":"Topology","arcs":[[[2272,3661],[-39,3],[-41,37],[53,14],[27,-54]],[[3567,4451],[97,-29],[31,-109],[-37,-32],[-34,66],[-135,-68],[28,-96],[67,21],[84,-65],[22,-48],[-7,-58],[-57,-90],[-24,-149],[-81,-102],[1,-49],[-78,-14],[-63,-37],[-59,-77],[-49,19],[-69,-39],[-31,-43],[29,-52],[-68,-52],[-91,-13],[19,-51],[-21,-105],[-67,-64],[-103,-57],[10,-58],[-44,-101],[20,-61],[-88,-186],[-25,-31],[-65,-13],[-42,-28],[1,-110],[14,-165],[30,-28],[73,3],[44,-26],[48,16],[2,79],[62,-25],[88,-1],[42,15],[71,74],[18,40],[49,29],[71,-6],[11,-87],[-110,-90],[-90,-91],[-5,-85],[-30,-42],[9,-48],[-4,-167],[-29,-30],[-73,-32],[-23,-46],[-70,-91],[-28,-82],[31,-44],[-66,-86],[4,-34],[-51,-150],[1,-94],[28,-25],[1,-45],[-33,-65],[-36,-27],[-68,-2],[-141,57],[-89,-31],[33,-56],[-23,-69],[-38,-6],[16,-130],[-39,-19],[-35,13],[-50,-15],[-15,-35],[35,-112],[-48,-34],[-127,22],[-33,-56],[-89,-27],[-68,-67],[30,-33],[-33,-96],[-63,-31],[-10,-39],[-53,-60],[31,-58],[-22,-45],[23,-27],[-59,-58],[-45,17],[-52,-11],[-11,48],[-48,41],[34,31],[-23,57],[12,71],[-54,1],[-40,-48],[-14,-91],[-54,-1],[-78,-24],[-61,24],[-42,71],[-67,-6],[2,41],[-66,49],[-5,72],[-17,9],[-87,-71],[-76,-12],[-196,-51],[-24,50],[39,122],[-48,92],[1,39],[-31,-33],[-20,24],[-49,-5],[-9,58],[-34,35],[-66,14],[-41,-64],[-39,44],[-117,-53],[15,-17],[-34,-48],[-56,1],[-36,34],[-30,-9],[-75,40],[-1,52],[-35,53],[-62,9],[-12,89],[36,35],[12,86],[-38,58],[-7,65],[101,-13],[167,3],[204,30],[83,-71],[67,22],[-54,46],[60,106],[-70,0],[-25,126],[-38,31],[-14,113],[48,103],[-12,27],[-101,-26],[-33,18],[-26,49],[-4,110],[22,46],[-21,61],[26,56],[54,-27],[32,24],[-40,69],[35,61],[-4,71],[45,8],[20,30],[93,5],[71,-36],[20,38],[-100,120],[94,61],[145,-7],[52,-36],[92,-35],[48,41],[42,-18],[65,120],[7,51],[-51,131],[31,65],[96,55],[-14,35],[111,-3],[5,39],[-42,5],[2,96],[145,112],[66,98],[213,-7],[29,-36],[147,-41],[152,85],[35,143],[-81,71],[-59,20],[-65,75],[10,25],[-45,39],[-68,8],[-27,34],[18,61],[33,2],[-19,42],[34,55],[-125,62],[-104,63],[29,49],[-9,82],[13,99],[78,72],[64,32],[8,44],[-39,17],[-28,63],[9,60],[104,5],[58,-24],[93,-18],[18,-40],[-11,-49],[142,-45],[16,-31],[-5,-102],[-53,-57],[100,-88],[-22,-19],[20,-101],[38,-27],[77,-11],[91,33],[117,64],[41,71],[-1,28],[62,21],[26,73],[91,21],[23,20],[139,41],[145,-2],[88,-86],[88,28],[29,95],[-24,63],[-60,-6],[-22,19],[7,70],[55,52],[15,72],[26,35],[105,50],[116,8],[82,-34],[36,27],[-18,44],[29,34]]],"transform":{"scale":[0.00013612990527740192,0.00013982363513817094],"translate":[118.515918,25.921166]},"objects":{"json":{"type":"GeometryCollection","geometries":[{"arcs":[[[0]],[[1]]],"type":"MultiPolygon","properties":{"adcode":350124,"level":"district","name":"闽清县","pinyin":"minqingxian","parent":{"adcode":350100},"childrenNum":0,"center":[118.863334,26.221099],"centroid":[118.863334,26.221099]}}]}}}