{"type":"Topology","arcs":[[[1285,2436],[-44,-62],[43,-25],[-14,-57],[64,-37],[-8,-37],[-72,-24],[22,-65],[38,-16],[-14,-62],[41,-6],[24,-100],[87,59],[9,-31],[87,-18],[72,61],[39,-45],[133,18],[-14,45],[67,-4],[66,-33],[-67,-75],[-7,-48],[55,-45],[-13,-75],[73,-14],[69,19],[28,-27],[-45,-35],[19,-38],[-35,-44],[31,-56],[33,36],[50,-16],[33,-66],[-26,-59],[32,-51],[93,-48],[8,-83],[89,-7],[-8,-160],[-78,-63],[-63,40],[-44,-104],[-96,-21],[-78,75],[-36,3],[-63,-76],[-12,-49],[-62,23],[-61,-38],[-36,-61],[-46,31],[15,-65],[-55,-32],[13,-43],[-99,-134],[-79,-9],[-37,22],[-59,-41],[-73,-11],[-79,58],[13,-98],[-20,-69],[-52,-28],[-103,-136],[4,-108],[-49,-45],[-11,-52],[-98,-74],[-63,28],[7,38],[-85,25],[34,58],[40,5],[26,55],[-19,93],[63,46],[-22,49],[9,105],[-100,51],[-24,52],[23,43],[96,62],[57,102],[32,-63],[91,76],[-12,101],[-17,-25],[-85,32],[2,42],[-47,-21],[-41,28],[5,62],[-119,-39],[-39,-45],[-43,14],[-37,-45],[-17,97],[-27,-10],[-41,63],[-30,-27],[-30,71],[-56,27],[-42,77],[-57,17],[-78,-58],[-5,65],[-84,20],[-15,61],[-27,-48],[-49,36],[60,94],[56,30],[-20,62],[51,135],[-39,91],[-94,-22],[-62,89],[91,172],[31,19],[-63,41],[20,33],[-84,34],[28,35],[143,70],[35,-25],[49,129],[138,69],[112,-14],[-25,-45],[19,-48],[64,38],[52,-12],[29,54],[143,52],[36,-33],[93,-13],[40,47],[102,18],[95,-15],[112,51],[20,-20]]],"transform":{"scale":[0.00024333848133848175,0.00023973330618892564],"translate":[117.546092,26.090871]},"objects":{"json":{"type":"GeometryCollection","geometries":[{"arcs":[[0]],"type":"Polygon","properties":{"adcode":350427,"name":"沙县区","center":[117.789095,26.397361],"centroid":[117.812198,26.440894],"childrenNum":0,"level":"district","acroutes":[100000,350000,350400],"parent":{"adcode":350400}}}]}}}