{"type":"Topology","arcs":[[[1305,1893],[47,81],[16,75],[46,-22],[10,100],[-15,40],[-63,-9],[-10,67],[21,47],[50,4],[63,52],[58,-3],[93,39],[21,54],[28,-29],[38,73],[23,-21],[-3,-71],[58,12],[67,-63],[-15,-58],[36,-18],[89,86],[80,-25],[40,-42],[19,-73],[79,-41],[43,-105],[28,-18],[13,58],[57,-95],[39,15],[24,-67],[0,-78],[51,67],[61,-21],[54,67],[71,36],[97,22],[32,-17],[-44,-38],[5,-37],[57,-42],[66,32],[-2,-64],[119,-47],[24,38],[20,-67],[-28,-35],[24,-50],[-53,-22],[-34,-45],[11,-43],[-51,-3],[-45,94],[-80,-153],[-135,-93],[-32,-64],[33,-79],[99,-35],[42,-41],[-13,-157],[31,-74],[-34,-65],[-54,-3],[5,-105],[21,-35],[-36,-82],[-57,-7],[-2,-41],[-45,-47],[-19,26],[-107,-31],[-117,-67],[-58,-65],[-68,-26],[29,-130],[-102,-80],[-45,14],[2,64],[-76,-34],[-8,-71],[-62,-5],[-150,-197],[-40,27],[-23,77],[-50,-35],[-87,10],[-1,112],[-97,18],[26,24],[-51,50],[37,137],[-157,38],[-65,87],[0,37],[-43,34],[-60,-21],[-10,44],[-123,49],[-62,-8],[-38,33],[-79,-25],[-102,62],[-100,9],[-37,88],[-34,13],[-27,-66],[-57,-59],[-51,70],[14,40],[-60,69],[14,62],[-70,69],[37,55],[-57,55],[-59,17],[21,-73],[-25,-16],[-67,22],[-73,-44],[-94,101],[28,48],[-60,75],[14,60],[103,123],[28,-6],[45,55],[61,-26],[16,-39],[66,33],[44,103],[-25,87],[35,43],[61,-5],[42,30],[38,-39],[54,4],[51,-36],[11,25],[-52,37],[55,56],[74,-9],[107,18],[56,26],[65,88],[75,-24],[175,-15],[106,19]]],"transform":{"scale":[0.00017328671562083116,0.00016003777416734405],"translate":[117.281573,26.016257]},"objects":{"json":{"type":"GeometryCollection","geometries":[{"arcs":[[0]],"type":"Polygon","properties":{"adcode":350403,"name":"三元区","center":[117.607418,26.234191],"centroid":[117.561552,26.219584],"childrenNum":0,"level":"district","acroutes":[100000,350000,350400],"parent":{"adcode":350400}}}]}}}