{"type":"Topology","arcs":[[[1088,1179],[77,-65],[-14,-40],[14,-70],[50,-18],[17,-40],[60,-37],[10,-63],[-15,-64],[20,-46],[117,-77],[64,6],[163,-31],[-14,-164],[87,2],[26,-29],[16,-88],[52,-36],[33,-86],[-5,-59],[-88,-22],[-24,-66],[-116,-13],[-87,-73],[-40,52],[16,43],[-27,83],[18,39],[-198,45],[-43,65],[-42,-54],[-7,-75],[-127,-15],[-95,37],[-40,144],[-106,13],[-88,39],[-30,-31],[-55,-1],[-27,71],[-48,-24],[39,-62],[-24,-37],[-37,19],[-42,106],[-43,-57],[-57,-132],[-68,-126],[-84,-11],[-41,51],[12,38],[55,42],[-33,38],[-46,-2],[-78,41],[-43,45],[-67,1],[-12,30],[-4,207],[42,10],[-38,46],[-23,71],[16,27],[-8,91],[24,35],[52,-53],[100,-46],[34,11],[63,104],[38,23],[82,-30],[2,-51],[59,31],[34,-30],[70,20],[63,-8],[62,-34],[122,117],[-15,47],[85,40],[13,62],[69,33],[25,-31],[53,62],[45,10]]],"transform":{"scale":[0.00035552296056185937,0.00032990585241730267],"translate":[117.499355,24.2012]},"objects":{"json":{"type":"GeometryCollection","geometries":[{"arcs":[[0]],"type":"Polygon","properties":{"adcode":350681,"name":"龙海区","center":[117.817292,24.445341],"centroid":[117.819997,24.390259],"childrenNum":0,"level":"district","acroutes":[100000,350000,350600],"parent":{"adcode":350600}}}]}}}