{"type":"Topology","arcs":[[[1467,572],[37,-147],[-32,-20],[-12,-68],[-101,-68],[-49,-81],[-108,-4],[4,-56],[-31,-31],[-66,-14],[-22,-49],[-55,-34],[-37,42],[-45,-41],[-61,-1],[-48,45],[-69,-38],[-106,15],[-52,68],[-76,14],[-17,-18],[-105,166],[45,34],[-44,68],[45,28],[-31,49],[-56,-53],[1,106],[-34,23],[-50,-24],[-25,36],[27,35],[64,20],[-44,86],[-80,1],[-88,89],[-85,127],[24,63],[-16,58],[-69,44],[103,85],[-9,92],[49,1],[87,-54],[107,-19],[117,60],[25,43],[51,26],[84,-14],[82,-35],[23,-72],[90,59],[21,-52],[41,-11],[40,33],[-4,67],[53,29],[65,-31],[59,17],[32,-26],[45,97],[46,-34],[21,-51],[59,-18],[67,-44],[46,-60],[94,-14],[-16,-70],[9,-146],[-25,-91],[-31,-13],[-28,-81],[31,-125],[33,-18]]],"transform":{"scale":[0.00024163630319149097,0.00024631712789828107],"translate":[117.601984,24.56636]},"objects":{"json":{"type":"GeometryCollection","geometries":[{"arcs":[[0]],"type":"Polygon","properties":{"adcode":350625,"name":"长泰区","center":[117.755913,24.621475],"centroid":[117.803839,24.737886],"childrenNum":0,"level":"district","acroutes":[100000,350000,350600],"parent":{"adcode":350600}}}]}}}