{"type":"Topology","arcs":[[[2519,0],[-102,40],[-121,137],[-18,57],[10,64],[41,60],[64,48],[89,4],[95,-69],[27,-48],[32,-116],[80,-48],[8,-56],[-91,7],[-86,-73],[-28,-7]],[[3366,359],[46,20],[-36,-44],[-10,24]],[[2772,1360],[41,47],[83,16],[-23,-53],[-43,-19],[-58,9]],[[4577,542],[7,20],[59,-2],[13,-42],[-40,-12],[3,-67],[-46,-1],[-10,77],[14,27]],[[4466,652],[21,39],[52,-3],[-3,-72],[-66,-36],[-4,72]],[[3260,432],[53,3],[-48,-38],[-5,35]],[[3139,495],[35,21],[17,-30],[-52,9]],[[2595,324],[108,-6],[-87,-47],[-21,53]],[[2148,143],[30,24],[91,-14],[38,-20],[-35,-28],[-21,-61],[-122,10],[-57,46],[76,43]],[[1909,453],[-51,66],[-39,103],[-36,15],[-78,-27],[-85,29],[-47,54],[-52,152],[-53,54],[-48,6],[-39,81],[-8,95],[45,57],[66,-19],[41,24],[1,32],[-44,30],[-86,15],[-63,34],[-58,-13],[-51,-98],[-34,10],[-19,-33],[-48,13],[-19,-48],[16,-72],[-123,31],[-148,-24],[-107,24],[-68,38],[-79,75],[-75,43],[-153,16],[-33,-60],[-25,2],[-28,51],[-75,39],[-53,67],[53,129],[67,116],[56,-10],[18,40],[-47,258],[-27,58],[40,-14],[29,76],[150,-89],[164,-7],[37,-65],[51,4],[39,81],[-3,112],[-37,127],[-64,91],[-84,45],[-105,37],[-27,95],[-41,4],[-32,51],[-46,19],[-29,47],[-80,76],[-17,60],[4,87],[-53,72],[-108,27],[7,77],[-68,53],[22,59],[79,-4],[-10,47],[-31,13],[-6,82],[66,53],[12,40],[52,38],[22,66],[-44,-17],[23,59],[117,37],[46,3],[35,60],[64,-19],[25,-39],[0,-58],[37,6],[62,-106],[6,-65],[47,2],[56,-30],[41,1],[19,64],[33,3],[38,92],[55,73],[115,79],[-3,81],[63,40],[85,14],[42,-44],[42,39],[6,42],[-31,59],[-2,50],[60,42],[139,20],[66,-37],[95,56],[54,8],[63,-62],[49,0],[46,47],[101,62],[12,40],[79,-53],[8,-113],[-33,-40],[89,-177],[29,-9],[53,51],[38,11],[51,-32],[73,9],[4,101],[41,2],[-18,-55],[69,-28],[53,28],[53,-68],[10,-54],[-49,-132],[70,-93],[-22,-54],[40,-70],[96,-63],[50,-126],[105,-107],[13,-103],[30,-63],[124,-135],[-44,-61],[-41,42],[-80,-42],[-18,-64],[89,-87],[-51,-88],[8,-34],[-32,-25],[46,-20],[-26,-38],[36,-59],[-15,-33],[48,-4],[55,-60],[3,-75],[46,-32],[21,-62],[44,-2],[96,-139],[-208,-233],[-133,-85],[-8,-86],[-57,-61],[-67,0],[-126,34],[-188,12],[-10,45],[-30,9],[-78,-49],[-42,6],[-69,39],[-28,-31],[7,-44],[40,-73],[-23,-90],[69,-143],[-1,-116],[-37,-21],[-54,73],[-137,4],[-17,-30],[105,-29],[22,-51],[7,-87],[-14,-77],[18,-38],[-9,-67],[-22,-18],[-79,-6],[-31,-46]]],"transform":{"scale":[0.0001714630584192444,0.00013180569556451644],"translate":[119.928623,26.916874]},"objects":{"json":{"type":"GeometryCollection","geometries":[{"arcs":[[[0]],[[1]],[[2]],[[3]],[[4]],[[5]],[[6]],[[7]],[[8]],[[9]]],"type":"MultiPolygon","properties":{"adcode":350982,"level":"district","name":"福鼎市","pinyin":"fudingshi","parent":{"adcode":350900},"childrenNum":0,"center":[120.216559,27.324796],"centroid":[120.216559,27.324796]}}]}}}