{"type":"Topology","arcs":[[[661,4029],[-13,26],[-44,4],[10,24],[-78,-15],[69,57],[92,-9],[58,5],[-48,-51],[15,-40],[-61,-1]],[[289,132],[33,87],[27,33],[-21,41],[37,57],[0,31],[88,5],[88,119],[74,25],[60,72],[21,59],[38,62],[51,191],[-13,67],[-57,16],[-83,109],[58,106],[17,10],[-52,34],[30,69],[-2,58],[32,44],[-49,29],[-59,-17],[94,94],[-5,50],[-22,2],[-32,133],[-125,-52],[-13,-24],[-61,4],[-19,-31],[-55,-9],[-15,112],[11,23],[-95,50],[-17,-23],[-97,21],[-16,26],[8,80],[-27,1],[-2,50],[22,43],[-14,82],[31,96],[-57,16],[24,27],[-28,26],[-10,67],[-59,44],[-28,-13],[28,78],[-20,8],[-8,93],[66,35],[31,62],[52,45],[48,-2],[21,71],[-6,45],[88,11],[50,60],[9,67],[-41,63],[63,48],[-13,16],[60,56],[57,5],[61,63],[4,49],[64,116],[36,25],[5,52],[23,36],[-17,34],[-75,43],[-54,-17],[-103,16],[-179,-52],[-29,12],[15,61],[27,36],[90,44],[48,-3],[55,48],[6,51],[28,40],[-38,54],[44,-13],[82,-88],[38,-9],[38,72],[67,101],[35,33],[82,27],[66,80],[-41,49],[20,45],[-32,3],[-44,51],[3,62],[125,-10],[18,-46],[74,13],[-32,28],[41,8],[-28,79],[-53,12],[25,31],[53,15],[16,26],[50,-22],[13,27],[45,-32],[116,-24],[34,21],[-11,29],[-67,15],[84,33],[16,44],[-39,39],[0,35],[104,39],[79,97],[-11,30],[27,45],[54,26],[48,-28],[76,25],[99,-59],[51,-1],[15,22],[109,49],[-5,-25],[36,-46],[21,-112],[-22,-9],[-23,80],[-120,-1],[-11,-56],[32,-19],[80,6],[-16,-29],[58,-11],[-25,-48],[18,-44],[-98,-15],[38,-62],[-102,6],[9,-58],[72,-1],[29,32],[61,-40],[-36,-28],[-31,-73],[104,-10],[-8,29],[55,-4],[41,-46],[118,1],[111,30],[68,5],[64,-33],[5,-52],[94,9],[-38,60],[0,56],[35,2],[13,61],[27,14],[-43,32],[57,50],[-15,68],[43,28],[122,10],[97,-45],[-42,-56],[-32,34],[-46,-49],[-110,-72],[26,-27],[55,51],[57,-13],[-27,-121],[0,-82],[26,-94],[62,-157],[20,-167],[46,-142],[-15,-89],[-71,-150],[-60,-87],[-54,-49],[-196,-120],[-75,-63],[-54,-64],[-38,-21],[-187,-60],[-103,-41],[-82,-49],[-63,-70],[-104,-180],[-9,-28],[22,-109],[68,-160],[99,-96],[132,-119],[44,-83],[-1,-76],[-63,-125],[-125,-164],[-35,-127],[-93,-31],[-34,-32],[-271,-138],[-146,-119],[-18,-31],[3,-78],[42,-78],[58,-60],[156,-101],[73,-78],[36,-70],[-3,-68],[-44,-148],[-65,-60],[-103,-65],[-65,-16],[-134,43],[-94,8],[-53,-23],[-91,-109],[-27,-46],[-98,-98],[-91,76],[66,85],[4,34],[-46,42],[-53,-35],[-28,-67],[-16,48],[44,110],[-41,59],[-1,-100],[-13,-51],[-46,-66],[23,-3],[-33,-62],[-5,-50],[-46,-41],[-94,-30],[-77,-5],[-38,18],[-26,42],[-67,-41],[-6,-34],[-97,4],[-35,48],[61,80]]],"transform":{"scale":[0.00010100657212037523,0.00010242597239648681],"translate":[115.850094,29.148251000000002]},"objects":{"json":{"type":"GeometryCollection","geometries":[{"arcs":[[[0]],[[1]]],"type":"MultiPolygon","properties":{"adcode":360483,"level":"district","name":"庐山市","pinyin":"lushanshi","parent":{"adcode":360400},"childrenNum":0,"center":[116.045118,29.448225],"centroid":[116.045118,29.448225]}}]}}}