{"type":"Topology","arcs":[[[56,655],[-34,44],[-22,59],[32,107],[18,139],[-9,143],[82,107],[12,51],[34,36],[51,-13],[84,40],[132,74],[25,49],[19,134],[-64,69],[-27,134],[14,50],[39,48],[-20,89],[-23,37],[50,64],[40,83],[39,2],[28,26],[7,52],[30,28],[-12,86],[-18,38],[10,90],[-45,105],[10,44],[80,99],[63,38],[32,40],[-41,69],[7,61],[64,44],[55,103],[56,47],[112,1],[49,35],[51,-34],[145,44],[16,-12],[61,99],[27,122],[-3,35],[64,31],[22,28],[71,-34],[42,17],[23,69],[204,142],[95,9],[44,27],[72,91],[59,19],[157,149],[70,39],[131,21],[97,43],[29,28],[81,2],[100,33],[124,110],[67,0],[103,-44],[116,-16],[158,62],[38,25],[81,8],[58,31],[32,-4],[51,-48],[81,43],[98,5],[87,-16],[91,-32],[163,-115],[130,-30],[73,-48],[59,-2],[38,-31],[72,-28],[-5,-56],[15,-60],[91,3],[51,-57],[63,9],[45,30],[57,-7],[92,-36],[52,-30],[13,-78],[-35,-67],[-33,-30],[-18,-73],[57,-81],[22,-3],[37,-69],[51,-2],[70,-46],[43,5],[21,-35],[-11,-143],[23,-10],[26,-78],[-23,-82],[28,-77],[-33,-5],[-1,-34],[-32,16],[-9,-52],[-39,-56],[18,-59],[51,-107],[8,-63],[64,-25],[6,-45],[49,-119],[47,-85],[12,-59],[57,-72],[10,-83],[54,-59],[8,-35],[-19,-105],[30,-46],[46,-106],[-4,-71],[64,-16],[30,-41],[7,-71],[-18,-49],[30,-86],[15,-73],[36,-100],[-19,-74],[-54,-68],[-42,-79],[2,-49],[-27,-8],[-4,-41],[-35,-13],[-42,-66],[-93,139],[-35,33],[-67,23],[-18,26],[-64,31],[-27,39],[-70,48],[-25,34],[-31,-37],[-62,-18],[8,-62],[-75,-26],[-51,29],[-22,-8],[-59,25],[-2,31],[-70,13],[-37,28],[-49,10],[-44,31],[-42,-75],[-2,-65],[-27,-25],[15,-79],[82,-115],[19,-60],[41,-70],[42,22],[-7,-57],[-47,-38],[-42,-12],[11,-33],[52,-57],[-69,-100],[6,-92],[19,-52],[-24,-91],[-42,-30],[-52,47],[-23,-12],[-41,-192],[-7,-66],[-20,-5],[-65,52],[-73,155],[-83,-7],[-82,27],[-30,56],[-26,-31],[-115,96],[-41,43],[-20,68],[14,121],[-25,68],[-28,24],[-10,105],[9,35],[-67,64],[-116,-34],[-59,-4],[-71,-61],[-123,94],[-74,-1],[-44,23],[-78,1],[-76,18],[-54,-25],[-29,41],[-34,3],[-45,-28],[-89,-75],[-51,77],[-53,12],[-61,-13],[-108,33],[-76,49],[-92,29],[-46,93],[-6,95],[-18,4],[-44,-55],[-38,4],[-59,-34],[-53,33],[-36,0],[-65,-56],[-40,-12],[-143,-97],[-61,-11],[-60,-28],[-73,-82],[-44,-86],[-59,15],[2,-83],[-30,-66],[-90,-9],[-37,-46],[-41,-16],[-57,13],[-53,-68],[-61,-26],[-87,-7],[-70,-35],[-33,4],[-62,-31],[-81,103],[-82,55],[-34,-42],[-34,-2],[-96,54],[-45,70],[-79,59],[-188,16],[-169,-79],[-37,-7]]],"transform":{"scale":[0.00011144137562366442,0.00007665961847851031],"translate":[114.904996,28.766155000000005]},"objects":{"json":{"type":"GeometryCollection","geometries":[{"arcs":[[0]],"type":"Polygon","properties":{"adcode":360925,"level":"district","name":"靖安县","pinyin":"jinganxian","parent":{"adcode":360900},"childrenNum":0,"center":[115.362635,28.861296],"centroid":[115.362635,28.861296]}}]}}}