{"type":"Topology","arcs":[[[3979,4221],[12,-96],[17,-14],[-28,-125],[32,-29],[5,-54],[-51,-115],[-89,-15],[-37,19],[-52,-48],[-13,-84],[-20,-16],[-19,-117],[-30,-52],[18,-31],[57,-24],[22,-77],[-36,-149],[82,-66],[-3,-24],[-56,-18],[-28,-52],[10,-68],[97,-41],[27,-27],[50,-8],[35,-35],[6,-77],[-57,-58],[-2,-34],[33,-32],[-1,-32],[46,-13],[46,-49],[15,-125],[37,-76],[38,75],[21,12],[20,-55],[-62,-87],[-66,-26],[-105,-80],[-86,-98],[-40,-106],[-2,-40],[40,-99],[-45,-43],[-103,-2],[-78,36],[-52,49],[-173,8],[30,-78],[-79,-9],[-17,-38],[-43,9],[-38,-43],[31,-35],[-11,-38],[-35,26],[-18,-25],[-39,15],[16,40],[-45,7],[-79,76],[-86,-11],[-9,65],[-27,27],[-51,-19],[4,-58],[-54,19],[-74,-33],[-3,-27],[-43,-13],[56,-27],[20,-34],[42,58],[4,-62],[24,-31],[75,-12],[44,-81],[-24,-22],[46,-37],[42,24],[33,-100],[-15,-156],[-64,-50],[-126,-10],[-39,-47],[-88,-31],[-123,29],[-54,45],[-66,5],[-74,46],[-109,-13],[-106,-2],[-153,47],[-66,-53],[-18,-68],[-85,-21],[90,-77],[-98,-73],[29,-97],[-22,-37],[56,-103],[22,-82],[5,-75],[-34,-124],[-71,-72],[-107,-69],[-56,-5],[-69,37],[-50,55],[-49,3],[-43,37],[-31,56],[-50,55],[-75,27],[-65,-7],[-66,-62],[-25,-46],[-28,-135],[-44,-67],[-12,-52],[-93,69],[-112,-67],[-104,-100],[-66,-42],[-141,-6],[-99,-61],[-138,-37],[-31,2],[-56,103],[1,56],[-50,36],[-71,95],[-19,68],[-2,68],[-41,55],[-67,20],[-35,36],[68,113],[-30,90],[47,84],[-22,22],[28,75],[-28,132],[31,32],[-66,53],[-5,77],[19,31],[88,-31],[112,39],[45,49],[68,26],[67,-3],[82,-25],[72,-53],[93,4],[43,-27],[41,-57],[13,-44],[71,-5],[24,17],[42,-38],[26,6],[8,57],[-32,11],[1,129],[-11,37],[31,150],[50,166],[-16,51],[-98,20],[-31,73],[-73,-2],[-27,26],[-10,82],[-76,43],[-3,41],[-31,5],[0,80],[-37,46],[-34,9],[-57,-27],[-87,78],[56,26],[63,-5],[18,43],[45,5],[51,45],[-33,21],[14,57],[-62,34],[-12,61],[74,44],[-12,47],[35,43],[-20,31],[50,45],[94,64],[58,10],[36,-18],[30,-80],[70,-75],[87,-48],[52,-12],[-2,-46],[42,29],[40,73],[-9,75],[44,91],[93,-93],[15,-38],[79,-75],[47,26],[-44,45],[38,53],[18,89],[72,-11],[36,58],[83,26],[51,32],[63,-76],[50,49],[-26,41],[14,57],[20,2],[89,-93],[51,-11],[153,0],[19,-27],[45,13],[64,72],[96,33],[84,121],[-22,22],[-16,71],[29,21],[83,-5],[72,-55],[9,34],[-55,80],[94,97],[75,-50],[176,74],[85,12],[117,2],[21,83],[41,67],[227,108],[47,94],[73,51],[47,191],[52,45],[100,24],[74,56],[20,139],[29,-2],[105,-71],[25,49],[56,50]]],"transform":{"scale":[0.00017262323691130714,0.00015273323856905888],"translate":[117.388596,28.638487]},"objects":{"json":{"type":"GeometryCollection","geometries":[{"arcs":[[0]],"type":"Polygon","properties":{"adcode":361181,"level":"district","name":"德兴市","pinyin":"dexingshi","parent":{"adcode":361100},"childrenNum":0,"center":[117.594549,28.930557],"centroid":[117.594549,28.930557]}}]}}}