{"type":"Topology","arcs":[[[2430,1421],[-21,25],[-137,14],[-3,-62],[-67,9],[-66,31],[-14,-58],[-122,-3],[-41,-51],[-6,-81],[-49,-9],[-11,-29],[-132,31],[-4,28],[-94,18],[-13,81],[6,183],[54,47],[-71,45],[-20,31],[-78,3],[-115,28],[-64,-15],[-33,-113],[-63,-10],[-19,41],[-112,-8],[-79,-70],[-119,-59],[10,-107],[-46,-74],[40,-53],[123,-253],[27,-18],[-43,-40],[-38,-69],[-54,-11],[-47,-77],[-33,6],[-84,-51],[12,-59],[-87,-60],[-97,-8],[-44,89],[-164,14],[29,36],[65,36],[-36,17],[24,80],[66,51],[-22,74],[-30,-1],[-89,66],[-66,31],[-92,88],[-35,57],[36,91],[69,104],[39,159],[7,139],[-10,156],[-27,111],[-56,96],[-23,64],[10,35],[-42,75],[4,33],[54,-51],[11,89],[40,-33],[41,6],[30,89],[-23,60],[-112,24],[-59,59],[-122,60],[-68,17],[-25,58],[54,18],[86,-13],[19,65],[-74,12],[-8,65],[39,26],[66,-43],[33,-75],[-7,-24],[57,-80],[26,-88],[71,-24],[-17,66],[18,49],[52,37],[-50,20],[1,55],[-33,14],[-56,-15],[-21,73],[38,39],[103,-65],[67,-60],[27,81],[58,14],[37,-31],[9,-91],[-38,-64],[18,-30],[98,-5],[64,31],[35,-92],[-83,-60],[7,-39],[-35,-14],[-4,-45],[95,-91],[14,-68],[131,-55],[48,25],[15,40],[30,-20],[145,-19],[55,53],[60,-3],[11,-24],[125,-82],[63,11],[20,-28],[-32,-62],[8,-55],[-23,-34],[78,0],[21,38],[107,-22],[23,63],[-10,40],[34,105],[79,-14],[53,-80],[19,-59],[33,-11],[40,28],[53,69],[106,-71],[152,-67],[66,6],[28,40],[84,-29],[5,59],[96,-1],[10,-78],[43,-22],[14,-94],[25,-33],[-119,-88],[-4,-69],[60,-73],[-47,-10],[-29,-49],[-4,-78],[31,-27],[-39,-20]],[[3160,0],[-15,74],[-137,18],[-46,119],[-13,95],[5,77],[-13,63],[-57,55],[-28,134],[108,2],[50,-17],[-15,223],[17,86],[3,110],[-44,7],[-16,75],[20,80],[-42,28],[-49,-26],[28,211],[-52,15],[46,125],[49,5],[58,47],[-7,49],[128,-1],[84,-36],[87,-149],[21,43],[34,-41],[97,-8],[-4,-39],[124,-13],[45,7],[-7,-74],[72,-1],[88,-84],[60,12],[45,-70],[69,-18],[3,-66],[-29,-83],[134,0],[37,53],[52,-37],[67,6],[36,32],[5,55],[109,35],[218,-14],[7,60],[117,-6],[6,-35],[49,-6],[21,56],[37,11],[25,53],[46,-9],[58,-61],[0,-61],[84,-54],[-9,-92],[-37,-35],[-19,-84],[-80,-23],[-1,-63],[53,-29],[-11,-102],[-31,0],[-74,-120],[-27,-77],[-30,-134],[-39,-44],[0,-54],[-31,2],[-29,-142],[14,-50],[-42,2],[-136,49],[-75,-34],[-35,11],[4,72],[-51,10],[-33,-111],[-32,7],[1,81],[-44,-3],[-58,-78],[-76,-42],[-44,-6],[-87,57],[-93,-1],[-89,-23],[-113,-2],[-71,11],[-36,-47],[-97,-13],[-68,23],[-158,-1],[-91,-27]]],"transform":{"scale":[0.0001651219463753727,0.00013070631578947293],"translate":[113.934097,35.986232]},"objects":{"json":{"type":"GeometryCollection","geometries":[{"arcs":[[[0]],[[1]]],"type":"MultiPolygon","properties":{"adcode":410522,"level":"district","name":"安阳县","pinyin":"anyangxian","parent":{"adcode":410500},"childrenNum":0,"center":[114.462953,36.09211],"centroid":[114.462953,36.09211]}}]}}}