{"type":"Topology","arcs":[[[1476,3425],[-40,21]],[[1436,3446],[7,27],[-54,23],[9,77],[25,14],[28,86],[-23,23],[-94,-33],[29,117],[76,64],[46,-57],[135,110],[36,-6],[27,-153],[21,-44],[-23,-54],[45,-53],[-29,3],[-29,-46],[-40,1],[-53,48],[-41,-68],[-13,-58],[-45,-42]],[[1476,3425],[-20,-73],[68,8],[9,44],[50,6],[48,38],[0,45],[99,12],[27,26],[49,-23],[39,-68],[78,-21],[179,18],[149,25],[148,-16],[39,-27],[36,-83],[-3,-30],[91,-122],[55,-91],[15,-121],[121,-38],[91,-15],[69,-43],[56,19],[67,-81],[145,-107],[15,-43],[-42,1],[-10,-48],[-86,-84],[-4,-41],[39,-64],[61,-24],[89,-63],[181,-185],[57,-94],[98,-97],[-36,-35],[-72,-23],[-18,31],[-48,-2],[-57,-49],[21,-60],[-20,-36],[23,-39],[62,18],[88,-68],[0,-29],[-70,20],[-62,-13],[-3,-82],[40,-50],[-28,-35],[26,-65],[-23,-22],[-12,-101],[-68,-32],[-8,-84],[15,-25],[115,-17],[-52,-43],[-112,-11],[-53,37],[-52,-1],[14,-100],[-10,-47],[61,-78],[-38,-89],[62,-4],[56,-85],[1,-26],[-72,-21],[-11,-58],[-54,-32],[37,-121],[-71,5],[17,-33],[-117,-38],[19,-69],[-39,-38],[-48,25],[-40,-13],[41,-78],[-60,-97],[-6,-54],[-132,-35],[-68,-60],[-53,-3],[-115,51],[-47,53],[5,42],[-69,42],[-89,0],[-63,72],[-18,102],[38,22],[21,76],[-54,82],[-126,48],[-79,6],[-31,-24],[-44,-96],[-31,-5],[-58,41],[-29,-22],[-46,47],[-40,-52],[-57,-34],[-78,21],[-54,-44],[-32,-80],[-92,18],[4,68],[-66,57],[-44,-24],[-91,49],[-29,71],[7,108],[53,78],[45,33],[-29,49],[-3,56],[-88,81],[48,38],[-11,90],[-165,-6],[-33,24],[-48,-12],[-61,16],[-130,-15],[-29,139],[72,112],[60,116],[54,26],[-27,36],[-148,81],[-47,-26],[-100,-17],[-32,55],[-60,38],[-49,100],[-8,83],[-28,23],[12,87],[-32,69],[-72,86],[-18,42],[-60,57],[-110,-1],[-41,36],[-112,138],[-11,59],[-49,35],[4,30],[78,18],[-4,96],[63,7],[59,-57],[36,17],[117,-18],[23,-20],[117,15],[-25,59],[62,5],[-12,50],[65,5],[67,-68],[46,-15],[-10,41],[109,51],[75,-39],[8,-54],[65,-66],[105,93],[36,-34],[-31,-80],[1,-68],[21,-29],[90,49],[24,77],[-43,60],[5,105],[-55,33],[-21,48],[69,67],[-49,47],[22,112],[25,33],[-34,105],[40,12],[-66,83],[-33,18],[50,49],[-1,54],[60,26],[81,1],[45,-24],[35,-137],[41,-60],[8,-57],[40,36],[92,-118],[51,27],[-30,71],[-54,31],[-5,114],[-52,21],[-37,-71],[-35,20],[0,93],[62,23],[36,58]],[[1039,2974],[-20,-35],[-47,105],[83,1],[-16,-71]],[[1347,432],[-68,-52],[-26,14],[46,80],[48,-42]]],"transform":{"scale":[0.00021970829840737795,0.00019525660764690896],"translate":[110.764485,31.346455]},"objects":{"json":{"type":"GeometryCollection","geometries":[{"arcs":[[[0,1]],[[-1,2]],[[3]],[[4]]],"type":"MultiPolygon","properties":{"adcode":420626,"level":"district","name":"保康县","pinyin":"baokangxian","parent":{"adcode":420600},"childrenNum":0,"center":[111.261308,31.87831],"centroid":[111.261308,31.87831]}}]}}}