{"type":"Topology","arcs":[[[4190,3903],[22,-16],[12,-83],[-11,-85],[54,-90],[29,-25],[-31,-131],[61,-213],[38,-40],[91,84],[102,25],[3,-69],[-30,-112],[8,-54],[50,1],[51,-64],[24,-103],[67,96],[45,10],[63,-36],[26,-41],[10,-70],[-51,-60],[1,-66],[25,-48],[-14,-44],[56,-24],[7,-33],[51,-46],[93,4],[150,59],[53,-102],[46,7],[36,44],[24,-36],[4,-77],[-14,-96],[-64,-78],[-16,-59],[90,-56],[18,-58],[-28,-118],[-30,-50],[15,-67],[-39,-66],[-12,-64],[-64,-12],[-32,-72],[5,-46],[53,-65],[-20,-59],[17,-25],[-16,-77],[18,-26],[-58,-116],[40,-47],[14,-53],[-74,-127],[-77,-23],[-54,-82],[0,-48],[-44,-40],[-70,-4],[-44,-47],[-78,-21],[-64,41],[-80,-51],[-57,18],[-22,69],[-83,51],[-67,-13],[-42,12],[-29,-37],[-39,-94],[-69,-46],[-53,-63],[-32,32],[-96,-37],[-80,19],[-75,-81],[-72,21],[-99,83],[-77,-52],[-65,-156],[3,-62],[-45,-30],[-40,-108],[-77,-61],[-101,3],[-61,-41],[-67,2],[-163,-56],[-56,-66],[-22,-49],[-71,-11],[-110,96],[-153,77],[26,29],[-64,97],[-77,78],[-33,1],[-21,43],[-58,38],[-94,102],[-122,152],[-98,-20],[-52,-51],[-111,20],[-70,55],[-45,0],[-35,138],[-52,71],[-92,54],[-5,39],[-60,69],[-46,-34],[-43,18],[-25,-22],[-63,0],[-34,-73],[-18,53],[-35,23],[13,86],[21,31],[-13,62],[25,3],[19,92],[-80,-15],[-148,76],[-49,-7],[-87,-74],[-8,-57],[-51,-36],[-93,15],[-65,-20],[-23,23],[2,57],[-36,28],[-125,31],[-47,-3],[-27,-38],[-81,-24],[-39,13],[-32,68],[12,30],[-25,67],[-70,38],[-88,102],[-63,-7],[-93,35],[-7,41],[28,67],[-23,38],[29,51],[-13,119],[32,26],[-27,48],[4,55],[-29,37],[5,52],[-45,18],[-3,61],[30,27],[-6,86],[37,69],[95,-44],[23,-56],[70,-69],[66,-12],[109,30],[63,-33],[20,10],[31,88],[63,81],[31,75],[-40,59],[0,38],[40,29],[54,-19],[50,10],[82,-17],[50,20],[82,81],[30,-19],[77,-137],[37,-7],[106,106],[68,44],[42,-19],[86,90],[47,-63],[35,49],[-23,71],[-62,60],[-157,71],[-17,49],[26,61],[-12,45],[-66,57],[-10,39],[39,41],[-3,42],[-43,70],[36,-4],[66,33],[64,61],[44,3],[75,33],[31,-45],[111,10],[20,-57],[41,-31],[109,22],[62,-14],[33,-35],[93,64],[80,-10],[61,25],[35,102],[69,-3],[13,-28],[-41,-46],[9,-21],[55,9],[-5,56],[30,11],[11,-56],[118,-6],[11,22],[3,151],[52,67],[10,63],[64,45],[55,-6],[18,-33],[32,17],[34,60],[112,50],[96,-36],[70,9],[66,131],[24,28],[73,-16],[45,18],[88,118],[5,59],[50,37],[222,63],[61,-18],[54,-98],[-30,-109],[128,-65],[53,35],[94,6],[-31,-53],[3,-117],[27,-29],[76,-25],[89,7],[17,35],[102,61],[47,8]]],"transform":{"scale":[0.00018249059415161172,0.00016017209847596695],"translate":[113.177335,28.422183]},"objects":{"json":{"type":"GeometryCollection","geometries":[{"arcs":[[0]],"type":"Polygon","properties":{"adcode":430626,"level":"district","name":"平江县","pinyin":"pingjiangxian","parent":{"adcode":430600},"childrenNum":0,"center":[113.581296,28.702018],"centroid":[113.581296,28.702018]}}]}}}