{"type":"Topology","arcs":[[[1744,4973],[1,-20],[61,-81],[1,-26],[-33,-56],[7,-48],[-79,-46],[16,-26],[53,-9],[-36,-18],[-55,-107],[39,-38],[-51,-26],[-60,-114],[32,-35],[-10,-39],[26,-47],[19,-101],[-18,-92],[-70,-129],[-51,-79],[-11,-122],[58,-63],[135,-15],[52,11],[160,-30],[44,-31],[52,31],[156,-8],[62,28],[-12,19],[48,57],[80,-2],[-10,-43],[36,-48],[-10,-54],[29,-40],[18,-76],[35,-30],[-3,-33],[-42,5],[0,-28],[52,-17],[49,41],[50,-21],[-21,-33],[68,7],[3,-57],[35,-139],[32,17],[63,-3],[38,-96],[33,-36],[49,-15],[-23,-46],[-5,-63],[-89,-22],[-15,-22],[-53,-9],[-21,-62],[-4,-59],[-71,-17],[-56,-29],[-53,3],[-18,-18],[10,-53],[-80,-28],[-75,10],[-15,-44],[-76,-22],[-84,-44],[30,-96],[53,-17],[107,10],[13,13],[76,-3],[33,25],[71,-31],[48,-52],[-1,-32],[75,-98],[76,-45],[40,-50],[91,-25],[13,-35],[55,-63],[40,-73],[-3,-47],[-64,-51],[-52,-64],[30,-64],[2,-38],[-26,-32],[-39,-106],[-57,-39],[-83,30],[-89,-14],[-35,7],[-102,-28],[-43,-34],[-38,-59],[-22,-65],[8,-100],[25,-62],[-33,-103],[-116,-50],[-69,-65],[-73,-213],[-44,-94],[-11,-43],[-44,-36],[-1,-98],[-52,1],[-56,113],[-35,7],[-68,-19],[-84,3],[-58,70],[-61,4],[-66,-42],[-26,-45],[-91,-47],[-70,6],[-65,93],[-45,9],[-66,-43],[-42,-52],[-3,-31],[39,-56],[-93,-111],[-125,-57],[-41,-32],[-65,-106],[-67,-68],[-58,-44],[-39,5],[-85,62],[-67,-16],[-60,39],[-48,-74],[-106,46],[-40,-37],[-31,63],[15,37],[-16,105],[21,34],[-64,6],[-33,18],[0,-50],[-71,8],[-18,23],[32,55],[98,59],[9,32],[-19,46],[48,44],[22,62],[47,47],[-1,139],[15,70],[-27,101],[1,68],[-42,18],[-42,65],[-48,-10],[-98,22],[-31,45],[-1,59],[33,52],[68,25],[26,49],[54,38],[-23,100],[-45,121],[28,63],[-14,26],[-75,11],[43,70],[14,-42],[42,8],[35,-18],[47,97],[-3,57],[32,15],[80,-54],[38,59],[38,-12],[49,-58],[63,73],[9,30],[-54,65],[-10,57],[-39,10],[-32,-22],[-46,-2],[-34,36],[40,44],[9,83],[-30,-20],[-36,66],[-79,-13],[-80,10],[-7,34],[142,29],[94,-9],[28,20],[5,67],[22,105],[79,-9],[31,11],[53,55],[24,42],[37,19],[104,-45],[58,-6],[15,89],[-40,46],[-82,49],[-90,21],[-32,53],[-68,-9],[-30,32],[74,39],[60,4],[23,29],[53,112],[34,40],[93,60],[-7,52],[-73,39],[-77,60],[-94,14],[-8,-27],[13,-79],[-4,-51],[-32,-28],[-46,7],[-45,32],[-22,44],[-64,73],[-51,12],[-26,-60],[-31,7],[5,128],[-32,28],[-63,-115],[-62,-15],[-109,57],[122,170],[238,304],[100,118],[60,50],[101,109],[160,143],[84,67],[119,57],[241,209],[164,197],[221,179],[134,99]]],"transform":{"scale":[0.00015126488497969987,0.00013126060727930818],"translate":[113.307771,29.196172]},"objects":{"json":{"type":"GeometryCollection","geometries":[{"arcs":[[0]],"type":"Polygon","properties":{"adcode":430682,"level":"district","name":"临湘市","pinyin":"linxiangshi","parent":{"adcode":430600},"childrenNum":0,"center":[113.450461,29.476687],"centroid":[113.450461,29.476687]}}]}}}