{"type":"Topology","arcs":[[[2449,202],[-25,-66],[-52,-73],[-67,-13],[-96,45],[-67,-36],[-96,22],[-16,-59],[-48,-22],[-27,38],[14,41],[-106,30],[-128,117],[-42,28],[-97,-25],[-31,-22],[-12,-58],[-58,-121],[-40,9],[-73,-29],[-61,0],[-80,54],[-40,-6],[-161,133],[-8,67],[-28,75],[-41,16],[-114,92],[-5,42],[-59,74],[-67,-13],[-36,48],[10,33],[-67,100],[-59,16],[23,114],[-103,64],[-115,17],[-63,-7],[-68,29],[-111,-34],[-25,35],[-79,-38],[-21,30],[-4,121],[97,115],[13,67],[-23,65],[41,41],[93,46],[-2,40],[-38,59],[-3,67],[-33,83],[-1,56],[-26,63],[21,19],[132,-3],[66,20],[-9,52],[46,19],[26,69],[-38,53],[-8,49],[70,48],[89,167],[-22,45],[66,64],[0,26],[-66,124],[63,43],[144,61],[14,40],[40,4],[91,84],[117,8],[35,32],[20,107],[-70,63],[-18,47],[-3,78],[-45,31],[10,92],[-81,103],[-18,66],[149,62],[-67,79],[42,35],[88,11],[30,-40],[27,17],[12,91],[53,9],[38,31],[-4,67],[40,11],[71,-65],[77,-3],[88,80],[6,51],[62,31],[37,59],[-9,102],[-32,43],[-26,102],[0,107],[-21,47],[10,43],[86,11],[20,33],[46,-31],[42,5],[32,-40],[52,-2],[-22,67],[31,47],[72,-55],[69,13],[-17,82],[50,31],[47,101],[-4,45],[37,99],[89,46],[-3,73],[89,7],[76,-101],[59,-31],[6,-43],[46,-113],[6,-71],[-83,-74],[43,-103],[48,-32],[33,-56],[44,-17],[154,0],[48,14],[65,76],[96,32],[36,-13],[31,-45],[24,-88],[-48,-73],[74,-3],[3,-53],[64,-62],[32,-7],[20,-44],[41,59],[54,-4],[60,20],[73,-13],[54,-57],[66,-38],[31,17],[101,-11],[33,43],[108,76],[58,54],[63,-25],[9,-36],[115,6],[47,18],[11,72],[65,5],[35,-48],[-26,-50],[35,-92],[-17,-42],[44,-61],[44,-30],[26,-75],[-31,-86],[65,-35],[63,-111],[-13,-113],[-61,-110],[29,-61],[-67,-33],[-127,-133],[-40,-7],[-3,-57],[-90,-98],[2,-78],[-38,-57],[-36,-14],[-4,-38],[74,-85],[90,-68],[47,-62],[1,-45],[-65,-78],[0,-116],[-29,-22],[-78,-2],[-37,-22],[-50,17],[-26,41],[-85,-14],[-52,-71],[65,-20],[25,-35],[98,40],[19,-38],[-31,-53],[1,-75],[-29,0],[-61,-62],[51,-104],[-21,-32],[-56,-6],[-42,34],[-54,-33],[-47,-73],[-105,-17],[-45,-23],[-58,-105],[-124,-75],[-125,-10],[-132,35],[-102,11],[-57,-88],[-54,15],[2,74],[-37,23],[-112,22],[-29,-75],[-66,12],[-61,90],[-123,-58],[-55,-42],[-81,-17],[9,-56],[-62,-65],[-58,34],[-46,2],[-43,-75],[32,-81],[-12,-156],[-70,-74],[-74,-31],[-58,-48],[12,-28],[92,16],[59,-6],[1,-89],[22,-21],[81,7],[53,-47],[-156,-86],[-5,-33],[138,-41],[94,44],[-8,74],[37,51],[19,-50],[-7,-51],[43,-26],[-45,-69],[98,-12],[21,-77],[29,-49],[-6,-66],[25,-71],[-7,-57],[43,-26],[21,-58]]],"transform":{"scale":[0.00013555360896986914,0.0001388663254861822],"translate":[112.884626,24.467697]},"objects":{"json":{"type":"GeometryCollection","geometries":[{"arcs":[[0]],"type":"Polygon","properties":{"adcode":440232,"level":"district","name":"乳源瑶族自治县","pinyin":"ruyuanyaozuzizhixian","parent":{"adcode":440200},"childrenNum":0,"center":[113.275875,24.775856],"centroid":[113.275875,24.775856]}}]}}}