{"type":"Topology","arcs":[[[2249,395],[-177,122],[32,90],[-69,94],[6,46],[37,27],[7,70],[-119,123],[-18,70],[-90,-13],[-18,-81],[20,-8],[-52,-77],[48,-7],[-21,-29],[-49,8],[-40,-67],[-66,-10],[10,-78],[-78,-103],[-107,30],[-11,-42],[-70,-31],[47,-70],[11,-53],[-64,-23],[-46,-64],[31,-92],[-26,-79],[-51,6],[-57,-26],[-63,3],[-36,-22],[-57,-86],[-124,-23],[-40,115],[-98,62],[-104,24],[-118,-55],[-51,-36],[-81,55],[-14,74],[-82,-10],[-86,179],[-51,31],[-50,-111],[-69,61],[10,67],[-80,23],[-19,109],[8,43],[48,77],[-31,31],[-9,63],[-43,5],[-29,137],[17,118],[69,78],[64,18],[-52,50],[26,78],[58,53],[-10,54],[36,12],[14,85],[52,10],[-13,101],[44,55],[-9,67],[25,15],[-34,76],[12,62],[33,-16],[-33,71],[22,51],[50,30],[-8,46],[74,8],[41,-45],[26,77],[78,1],[-22,89],[6,78],[42,49],[91,30],[90,61],[61,117],[-18,41],[31,27],[70,-69],[69,101],[25,67],[31,17],[10,-83],[55,35],[39,-36],[58,69],[90,-60],[-6,-44],[44,-49],[11,-81],[40,-3],[72,96],[64,22],[73,-24],[15,119],[-117,120],[16,78],[40,9],[80,-64],[-2,-41],[88,-78],[-4,-70],[21,-66],[58,-7],[84,25],[45,-21],[63,38],[50,-16],[54,88],[-13,46],[152,60],[55,44],[84,-45],[26,55],[56,13],[70,81],[73,14],[-29,75],[7,49],[69,32],[61,-2],[43,-95],[25,6],[89,171],[4,120],[22,20],[129,21],[95,54],[37,-1],[44,-66],[76,-20],[31,-89],[16,-106],[82,-44],[88,48],[66,-64],[35,-79],[87,-29],[72,2],[23,-100],[96,16],[-19,-144],[-58,-44],[-20,-79],[-34,-35],[38,-75],[34,-8],[146,37],[54,73],[7,-73],[48,-54],[-40,-74],[39,-27],[-7,-69],[37,-4],[5,-49],[35,-28],[57,-3],[7,-54],[63,-99],[45,-30],[41,-68],[-23,-35],[-51,5],[-47,63],[-63,-7],[2,-86],[41,-1],[87,-107],[53,12],[26,-35],[-66,-87],[4,-47],[155,-66],[120,36],[72,-25],[39,63],[29,-48],[64,-2],[21,-68],[43,5],[-23,-50],[46,-24],[31,-66],[82,-8],[-13,-46],[42,-23],[80,-120],[29,-9],[-5,-49],[158,-93],[-30,-24],[10,-77],[-33,-60],[51,-28],[17,-54],[-64,-21],[36,-53],[-43,-51],[-93,-59],[-71,-62],[-2,-23],[-94,38],[-81,-81],[-67,-10],[-48,27],[-5,35],[-139,-16],[-17,14],[-103,-91],[-47,8],[-42,-42],[39,-58],[-68,-73],[-64,-2],[-52,-55],[-68,-2],[-10,-61],[-36,15],[-39,-52],[-64,21],[-46,-26],[-112,39],[-5,52],[-38,64],[-51,1],[-25,29],[-64,15],[-67,43],[-13,90],[-72,-2],[-15,54],[-63,24],[-138,-80],[-13,-87],[-64,-44],[-41,32],[12,75],[-41,-13],[-83,64],[-52,-22],[-63,39],[-83,-31],[-158,-26],[-38,27],[-34,-33],[-27,66],[-39,-20],[-70,44],[-25,-32],[-117,-59],[-77,3],[-44,26],[-39,-45]]],"transform":{"scale":[0.00019566219788519576,0.00017376729745712593],"translate":[114.326943,23.668439]},"objects":{"json":{"type":"GeometryCollection","geometries":[{"arcs":[[0]],"type":"Polygon","properties":{"adcode":441625,"level":"district","name":"东源县","pinyin":"dongyuanxian","parent":{"adcode":441600},"childrenNum":0,"center":[114.7466,23.790079],"centroid":[114.7466,23.790079]}}]}}}