{"type":"Topology","arcs":[[[77,2966],[15,30],[-90,8],[-2,27],[64,30],[-28,110],[30,51],[91,31],[32,30],[33,80],[49,48],[-21,84],[35,59],[52,50],[31,-15],[-4,73],[-75,49],[186,187],[28,44],[60,38],[45,-69],[94,-51],[32,-45],[79,36],[34,-32],[136,-25],[84,-77],[49,26],[-8,-107],[-47,-3],[1,-67],[-29,-50],[90,-1],[-12,36],[134,-69],[29,-47],[47,6],[27,-26],[86,25],[5,-45],[30,10],[-14,87],[39,18],[10,122],[-43,63],[-17,93],[5,85],[115,-64],[52,-45],[29,27],[51,-8],[27,-36],[52,41],[24,-20],[77,71],[76,7],[68,95],[96,-25],[68,-3],[39,62],[6,101],[127,2],[9,-30],[103,61],[19,32],[46,-17],[-24,-44],[34,-23],[40,30],[6,-27],[63,50],[36,52],[90,44],[-13,47],[69,15],[15,54],[64,16],[27,-14],[32,66],[52,-31],[46,15],[40,-32],[70,7],[36,35],[55,-8],[136,-114],[-16,-41],[14,-48],[111,-107],[11,-97],[46,-48],[69,-4],[113,19],[42,-66],[-27,-44],[18,-79],[54,-83],[116,-75],[1,-38],[-92,-97],[58,-167],[63,-7],[62,-40],[122,20],[-15,-53],[28,-51],[2,-51],[76,-74],[16,-71],[-19,-81],[27,-67],[70,54],[65,-8],[54,-84],[-24,-73],[5,-48],[53,-51],[51,-77],[-48,-65],[-17,-91],[-36,-82],[-33,-10],[12,-133],[37,-50],[22,-84],[-46,-31],[-22,-46],[-34,0],[-45,-44],[-53,-87],[-17,-65],[-57,-111],[-52,-65],[195,-63],[27,-39],[86,25],[84,-90],[42,17],[35,-100],[-28,-64],[-18,-133],[17,-82],[-3,-87],[-83,-54],[-109,15],[-35,-72],[-13,-65],[-82,-64],[-51,15],[-42,47],[-119,55],[-30,68],[-46,-8],[-73,67],[-89,-47],[-35,-54],[-123,-28],[7,-127],[-72,-67],[-63,13],[-73,-8],[-31,-37],[-65,20],[-184,-28],[-7,-91],[-66,-30],[-70,9],[-45,28],[-241,-102],[-111,-69],[-103,-115],[-3,-47],[-63,5],[-36,30],[-41,-36],[-57,22],[-121,-22],[-44,-50],[15,-44],[-20,-32],[-65,-34],[-73,-8],[-61,31],[86,76],[-53,104],[58,22],[-57,90],[8,91],[21,40],[-22,71],[52,66],[-13,22],[69,36],[-22,42],[-47,17],[16,45],[-68,53],[21,56],[-57,100],[54,11],[-68,60],[-123,-6],[-24,-45],[-77,-6],[-43,-35],[-7,25],[38,65],[-86,22],[-13,58],[-56,39],[-49,1],[16,67],[45,27],[-54,80],[-84,46],[-49,137],[10,114],[-11,48],[-94,26],[-3,35],[-67,12],[-13,-52],[-49,3],[-71,-56],[-30,11],[-50,141],[-4,54],[-56,34],[1,56],[-158,-47],[49,57],[-42,9],[-59,53],[-53,-9],[-22,68],[-67,46],[44,34],[-85,65],[-117,-45],[-35,-56],[-79,-55],[-2,116],[-83,-18],[-54,5],[-32,34],[18,77],[51,47],[6,53],[75,20],[-10,33],[-104,-34],[-32,21],[16,97],[38,19],[35,55],[-3,33],[-53,27],[1,61],[-31,65],[58,57],[5,53],[-115,33],[-31,-54],[-13,112]]],"transform":{"scale":[0.00017186425339366603,0.000145397266514806],"translate":[107.82108,22.906492]},"objects":{"json":{"type":"GeometryCollection","geometries":[{"arcs":[[0]],"type":"Polygon","properties":{"adcode":450110,"level":"district","name":"武鸣区","pinyin":"wumingqu","parent":{"adcode":450100},"childrenNum":0,"center":[108.274869,23.159257],"centroid":[108.274869,23.159257]}}]}}}