{"type":"Topology","arcs":[[[2496,4068],[16,-42],[-27,-31],[43,-68],[-32,-35],[22,-54],[95,27],[53,-19],[33,30],[122,-60],[92,23],[12,-51],[32,-17],[28,-65],[53,-31],[6,-35],[-61,-96],[38,-46],[-75,-8],[10,-31],[-65,-49],[-55,-66],[21,-65],[90,-19],[62,-60],[23,-56],[51,-34],[-4,-60],[32,-61],[88,-79],[-7,-67],[46,-49],[79,-22],[62,2],[-5,-74],[46,-31],[67,22],[82,-52],[52,-9],[156,-74],[16,-81],[-87,-27],[-20,-31],[-72,-20],[38,-58],[-24,-45],[91,-35],[46,-83],[5,-47],[131,-3],[92,31],[75,-80],[-34,-35],[-76,23],[12,-50],[-55,-96],[23,-50],[-31,-64],[51,13],[54,-22],[63,25],[128,-10],[4,-45],[89,-38],[27,-69],[-26,-32],[9,-53],[57,-68],[-38,-44],[36,-48],[41,30],[67,-70],[62,-103],[7,-64],[-50,-27],[-80,43],[-69,13],[-84,-101],[-29,-58],[-40,22],[-10,-43],[-112,-31],[-68,-39],[-24,-37],[-143,103],[-72,-54],[-35,-65],[-45,-23],[-76,8],[-23,-33],[12,-67],[-52,-9],[10,109],[-71,21],[-59,-25],[-47,24],[-38,-39],[-82,71],[-70,-16],[-40,-61],[-85,9],[-74,-64],[-37,-54],[-38,-10],[-17,-69],[-81,-67],[-22,-68],[-47,-26],[-25,-73],[30,-81],[-17,-32],[59,-26],[102,-94],[-24,-71],[-72,-24],[-30,16],[-182,-159],[-11,65],[-74,94],[-118,-22],[5,88],[-39,-41],[-36,40],[-99,-26],[-85,9],[81,89],[1,42],[-65,48],[-35,-25],[-25,27],[-43,-18],[-19,62],[-58,-54],[3,-50],[51,6],[13,-47],[44,-25],[0,-39],[-117,-27],[-39,-28],[-58,32],[-211,-36],[-42,13],[-52,60],[-185,-25],[-25,-69],[-147,19],[-33,24],[0,88],[-39,-2],[-33,69],[-97,23],[-18,-62],[-26,4],[-39,-93],[-31,-5],[-63,49],[-80,-6],[-71,-77],[-51,23],[-71,-32],[-129,8],[-4,40],[-80,37],[-62,95],[39,105],[42,46],[-49,91],[-74,4],[26,58],[-22,61],[-35,-19],[-12,-48],[-50,58],[-41,115],[23,104],[-38,53],[-78,31],[26,59],[-15,44],[91,76],[-14,67],[47,168],[53,35],[9,76],[56,58],[-7,102],[-78,43],[-41,49],[-9,154],[29,60],[-22,81],[-56,41],[29,46],[-30,55],[39,26],[9,89],[-80,42],[-4,201],[25,15],[85,-27],[-14,172],[-16,9],[5,150],[26,80],[-26,46],[45,38],[47,-19],[1,-76],[119,-6],[77,116],[49,6],[45,-133],[-5,-59],[56,-10],[19,-71],[-44,-24],[43,-125],[67,-26],[33,25],[54,-29],[54,63],[74,-26],[59,17],[-34,47],[58,79],[4,62],[43,11],[28,-55],[23,72],[48,-6],[2,-58],[91,-99],[86,-19],[37,36],[-8,57],[117,-2],[123,-17],[37,41],[-47,145],[32,46],[-21,44],[-1,81],[57,27],[70,-27],[85,22],[81,148],[6,43],[41,10],[43,69],[-54,34],[-33,47],[17,46],[202,132],[127,-47],[-2,44],[38,90],[-40,43],[37,76],[80,33],[55,-5],[35,51],[70,33],[53,52]]],"transform":{"scale":[0.00018118554429264028,0.0001591922320550643],"translate":[108.797905,22.484585]},"objects":{"json":{"type":"GeometryCollection","geometries":[{"arcs":[[0]],"type":"Polygon","properties":{"adcode":450127,"level":"district","name":"横州市","parent":{"adcode":450100},"childrenNum":0,"center":[109.262448,22.681257],"centroid":[109.262448,22.681257]}}]}}}