{"type":"Topology","arcs":[[[546,1270],[-54,1],[-49,46],[-48,-25],[-19,45],[12,55],[40,-3],[-6,55],[40,103],[53,-7],[29,-32],[20,100],[-67,48],[-73,29],[-11,36],[-76,4],[-46,50],[6,101],[-37,60],[14,41],[-30,160],[-82,53],[-1,72],[22,52],[-58,108],[31,76],[-7,55],[-36,78],[-77,1],[-36,62],[55,49],[-7,100],[55,110],[42,-51],[51,-16],[-21,60],[-90,63],[60,3],[4,45],[40,25],[6,46],[94,50],[37,-18],[20,28],[98,-60],[-13,73],[-126,74],[33,47],[-26,49],[5,51],[51,24],[47,-19],[27,80],[-33,8],[29,78],[110,1],[38,49],[167,14],[28,-29],[68,-13],[1,-99],[-18,-19],[63,-34],[21,-71],[-55,-27],[-24,-79],[34,1],[47,-74],[55,-52],[59,106],[17,-14],[111,8],[-20,26],[69,18],[33,-24],[66,14],[-6,-51],[37,-18],[67,13],[81,56],[89,0],[87,-62],[2,-47],[72,8],[153,-94],[83,69],[49,-11],[49,59],[45,-12],[49,60],[-56,16],[-34,39],[-67,22],[-26,35],[-17,152],[18,49],[-66,43],[46,42],[5,80],[28,16],[34,86],[77,62],[-14,64],[30,54],[84,14],[30,-11],[27,40],[82,-48],[144,48],[5,-35],[-40,-64],[75,-10],[6,-109],[29,-14],[32,-86],[88,-56],[20,10],[74,-59],[27,43],[-73,75],[53,93],[183,4],[43,-58],[43,24],[51,-41],[4,-35],[-65,-53],[-38,-53],[35,-26],[126,-7],[42,15],[-11,-86],[71,-9],[23,86],[92,-56],[-10,-26],[79,-90],[65,-19],[84,75],[61,-9],[47,-30],[59,-70],[71,-166],[-116,-281],[32,-17],[3,-46],[47,0],[8,-55],[-62,0],[-69,-90],[-6,-73],[-49,-15],[44,-84],[-2,-37],[-97,9],[-40,-36],[-42,23],[-32,-18],[-81,7],[-55,-42],[30,-127],[-81,-65],[77,-86],[53,27],[49,-21],[-26,-77],[-57,-41],[-71,-85],[-24,-50],[-63,-12],[-28,-87],[-151,-32],[-24,-45],[59,-18],[35,-67],[101,12],[49,-46],[3,-34],[-107,-58],[-9,-55],[66,-57],[20,-133],[-98,-25],[-35,-24],[101,-71],[-24,-157],[-69,-97],[41,-49],[-43,-50],[-7,-42],[-43,-17],[-71,-66],[-23,-80],[-116,-13],[-11,-144],[-18,-63],[53,-46],[-18,-52],[-32,-14],[27,-55],[-45,-39],[-13,-71],[-30,-29],[0,-77],[-152,-8],[-97,-25],[-53,3],[16,34],[-30,53],[-60,-3],[8,76],[30,39],[-34,27],[-6,86],[20,32],[48,9],[23,59],[-78,64],[-48,73],[-44,32],[-78,-12],[1,-74],[-104,-46],[-192,-22],[-120,14],[-44,23],[-34,89],[19,73],[183,143],[146,92],[34,74],[37,34],[2,76],[63,93],[29,139],[-12,82],[-37,97],[-6,63],[-89,103],[-42,79],[-42,15],[-110,-113],[-58,-37],[-79,20],[-40,-13],[-44,-143],[-67,-59],[-52,-17],[-75,43],[-121,-4],[23,67],[-39,35],[-88,-47],[-68,-6],[-77,65],[-43,-71],[-53,-54],[-9,-58],[-81,-7],[-19,63],[-153,-25],[-37,31],[-29,-16],[7,-59],[-76,-69],[-22,31],[-52,-6]]],"transform":{"scale":[0.00023138089039312666,0.00022459931170108155],"translate":[108.587687,24.816293]},"objects":{"json":{"type":"GeometryCollection","geometries":[{"arcs":[[0]],"type":"Polygon","properties":{"adcode":450225,"level":"district","name":"融水苗族自治县","pinyin":"rongshuimiaozuzizhixian","parent":{"adcode":450200},"childrenNum":0,"center":[109.256609,25.066624],"centroid":[109.256609,25.066624]}}]}}}