{"type":"Topology","arcs":[[[2823,12953],[-20,55],[21,70],[55,7],[31,-53],[-15,-60],[-72,-19]],[[4139,12220],[-51,95],[11,56],[108,32],[70,-31],[14,-43],[-23,-77],[-64,-48],[-65,16]],[[424,7361],[-18,37],[89,54],[52,8],[27,-75],[-102,-68],[70,83],[-24,23],[-94,-62]],[[1631,7171],[86,-26],[9,-40],[-111,-17],[-23,62],[39,21]],[[1813,6974],[-73,120],[49,-1],[42,-87],[-18,-32]],[[1621,6618],[-35,35],[10,51],[81,-42],[-13,-61],[-43,17]],[[2656,6674],[33,-16],[-57,-49],[24,65]],[[780,6217],[42,16],[12,-80],[-54,64]],[[859,6126],[72,-66],[-31,-117],[-43,-40],[41,99],[-39,124]],[[2062,5933],[-13,65],[119,102],[18,-28],[-124,-139]],[[613,5991],[44,-63],[4,-55],[-56,17],[8,101]],[[474,5866],[60,56],[20,-62],[-80,6]],[[2279,5746],[22,95],[34,-60],[-56,-35]],[[8628,5652],[36,65],[47,-30],[-1,-91],[-53,-58],[-29,114]],[[2319,5619],[9,65],[37,-64],[-46,-1]],[[1226,5601],[44,63],[70,23],[43,-25],[-29,-86],[-95,-14],[-33,39]],[[1908,5535],[187,53],[16,-68],[-99,0],[-101,-60],[-44,6],[41,69]],[[5505,5243],[2,67],[154,37],[21,-38],[-177,-66]],[[5105,4925],[27,77],[75,5],[13,-30],[-57,-51],[-58,-1]],[[2013,4848],[-44,9],[21,91],[198,62],[38,-73],[-67,-66],[-146,-23]],[[4736,4940],[88,43],[58,-3],[3,-55],[-149,15]],[[5854,4931],[-24,-81],[-24,80],[48,1]],[[4564,4828],[45,34],[3,-59],[-48,25]],[[5641,4597],[-35,-58],[7,76],[28,-18]],[[4306,4460],[50,10],[4,-79],[-31,0],[-23,69]],[[0,4339],[44,43],[-7,-66],[-37,23]],[[1632,4135],[-47,43],[76,67],[3,-73],[-32,-37]],[[4235,4076],[42,34],[-4,-66],[-38,32]],[[5359,4026],[1,-79],[-47,23],[46,56]],[[3955,3912],[15,30],[60,-27],[-75,-3]],[[5120,3910],[53,-14],[-39,-40],[-14,54]],[[4183,3624],[47,32],[6,-63],[-53,31]],[[4373,3489],[19,33],[48,-25],[-19,-32],[-48,24]],[[10217,2936],[11,94],[52,17],[54,-99],[88,-66],[-85,23],[-63,113],[-38,-52],[7,-149],[161,-46],[-63,-19],[-95,4],[-22,30],[-7,150]],[[6537,56],[25,47],[72,19],[24,-79],[-65,-43],[-56,56]],[[892,4989],[106,22],[-1,-51],[-58,-48],[-48,31],[1,46]],[[716,5442],[51,-2],[-130,-132],[12,-48],[71,55],[69,23],[-133,-128],[-67,15],[15,107],[112,110]],[[849,5306],[93,66],[-14,64],[-107,-10],[-49,19],[153,39],[48,-28],[14,-54],[-34,-71],[-104,-25]],[[1800,6763],[-15,40],[47,9],[-32,-49]]],"transform":{"scale":[0.0006377157935137215,0.00042826465418418044],"translate":[111.192859,13.925034]},"objects":{"json":{"type":"GeometryCollection","geometries":[{"arcs":[[[0]],[[1]],[[2]],[[3]],[[4]],[[5]],[[6]],[[7]],[[8]],[[9]],[[10]],[[11]],[[12]],[[13]],[[14]],[[15]],[[16]],[[17]],[[18]],[[19]],[[20]],[[21]],[[22]],[[23]],[[24]],[[25]],[[26]],[[27]],[[28]],[[29]],[[30]],[[31]],[[32]],[[33]],[[34]],[[35]],[[36]],[[37]],[[38]]],"type":"MultiPolygon","properties":{"adcode":460301,"level":"district","name":"西沙区","pinyin":"xishaqu","parent":{"adcode":460300},"childrenNum":0,"center":[112.346961,16.834372],"centroid":[112.346961,16.834372]}}]}}}