{"type":"Topology","arcs":[[[478,423],[28,43],[53,36],[25,74],[-126,142],[-45,113],[5,40],[40,44],[91,39],[-3,81],[46,68],[-31,70],[6,35],[75,76],[8,49],[-72,103],[-88,23],[-73,58],[1,80],[55,79],[25,72],[-20,48],[-56,71],[9,42],[-29,20],[38,55],[9,126],[10,12],[138,27],[108,161],[-76,136],[29,78],[-41,34],[-118,55],[-148,0],[-90,22],[-112,47],[-55,-18],[-43,104],[58,74],[17,52],[62,44],[48,1],[68,-26],[54,37],[47,9],[6,59],[-44,63],[-50,32],[3,104],[-122,83],[-28,77],[-37,-21],[-14,46],[-34,22],[-85,12],[18,110],[40,54],[18,62],[37,37],[-4,64],[84,11],[52,29],[19,85],[-135,71],[50,26],[9,39],[-74,67],[83,39],[24,-33],[51,33],[69,10],[59,33],[11,43],[-57,45],[-95,21],[-23,23],[80,148],[72,104],[82,92],[56,11],[93,63],[-16,85],[73,21],[-2,36],[91,73],[46,-16],[98,27],[69,-19],[-1,-52],[100,-20],[71,12],[-7,-41],[56,-33],[7,-86],[28,-17],[-6,-44],[-85,-24],[89,-21],[65,-73],[-15,-138],[23,-46],[-31,-56],[2,-81],[39,-4],[22,-49],[-38,-116],[81,-105],[-55,-68],[42,-24],[128,60],[30,-3],[23,-43],[-53,-41],[4,-38],[152,-48],[47,-36],[16,-61],[65,-43],[69,27],[-24,41],[43,7],[58,-58],[59,13],[-69,48],[20,86],[-73,43],[-46,-22],[-38,66],[54,26],[108,5],[64,-17],[17,-37],[-28,-52],[63,-38],[23,-69],[-35,-79],[-49,18],[-33,-29],[11,-61],[26,-12],[84,17],[42,25],[62,-56],[41,5],[-14,96],[29,30],[40,116],[49,-18],[-54,-87],[39,-19],[76,44],[24,-7],[14,-61],[38,-69],[50,8],[43,33],[67,-24],[46,-38],[-5,-74],[-82,-109],[-22,-44],[104,-50],[23,38],[56,12],[24,51],[53,-71],[-60,-64],[86,-53],[-73,-71],[-102,-62],[-56,-86],[54,-52],[14,-148],[-18,-56],[-101,-63],[-29,-96],[48,-61],[-17,-17],[17,-65],[72,-54],[91,7],[77,-32],[78,0],[72,-32],[78,-130],[-64,-71],[3,-82],[-24,-26],[0,-77],[-32,-41],[15,-69],[-79,-108],[21,-52],[-73,-83],[-36,-102],[80,-18],[29,-61],[129,-60],[102,-13],[1,-31],[-45,-37],[-67,-105],[-32,-20],[-61,-79],[9,-35],[-66,-45],[-125,-40],[-95,-186],[-117,-171],[-40,-89],[-29,-24],[7,-67],[-31,-95],[-22,-13],[-97,29],[-8,45],[-72,26],[-60,2],[-44,45],[-47,1],[-93,-36],[-61,4],[-10,-84],[-26,-10],[-143,0],[4,-74],[-51,-7],[38,-21],[-27,-39],[-83,-8],[-29,-27],[-42,12],[-129,66],[-21,60],[-77,41],[-31,-23],[-89,16],[-30,-28],[37,-48],[-47,-43],[30,-64],[-36,-45],[-103,64],[-118,-56],[-45,4],[24,84],[-34,2],[-41,50],[5,89],[-60,-8],[5,-41],[-51,-92],[-82,50],[9,26],[66,40],[-28,48],[-46,0],[-45,29],[-12,49],[-54,-9],[-38,65],[-43,29]]],"transform":{"scale":[0.00014940997761432451,0.00016079834309961561],"translate":[108.48719799999999,29.071532]},"objects":{"json":{"type":"GeometryCollection","geometries":[{"arcs":[[0]],"type":"Polygon","properties":{"adcode":500114,"level":"district","name":"黔江区","pinyin":"qianjiangqu","parent":{"adcode":500100},"childrenNum":0,"center":[108.770677,29.533609],"centroid":[108.770677,29.533609]}}]}}}