{"type":"Topology","arcs":[[[4122,4143],[94,-101],[51,-26],[128,78],[66,-33],[74,4],[37,20],[48,-27],[12,-79],[44,-8],[18,-42],[100,-6],[15,-33],[-29,-64],[14,-31],[4,-100],[40,-80],[-1,-238],[-14,-55],[73,-141],[48,-39],[3,-35],[-68,-22],[-20,-28],[6,-160],[-88,-60],[-36,-132],[38,-56],[35,-18],[115,9],[24,20],[64,-7],[43,14],[58,-75],[97,103],[74,12],[50,-29],[52,-69],[23,-93],[61,-30],[75,-81],[136,19],[51,-31],[48,-92],[94,10],[50,44],[27,-6],[-97,-110],[-19,-72],[-70,-63],[4,-66],[-23,-139],[18,-86],[-19,-64],[13,-109],[-26,-112],[-56,-166],[-51,-21],[-100,0],[-83,-32],[-87,-51],[-106,51],[-42,-5],[-30,-48],[-54,-30],[-65,-4],[1,-88],[-18,-53],[-47,4],[-2,-62],[-63,-60],[-53,56],[-65,1],[-27,20],[-42,-54],[-27,-93],[9,-55],[-26,-104],[18,-158],[-20,-16],[-57,28],[-37,-47],[-130,-18],[-9,64],[-26,-16],[-49,88],[-28,-59],[-48,-33],[-5,-31],[-65,-8],[5,-59],[-32,-24],[-43,-140],[24,-48],[-72,-14],[-69,-99],[-14,-39],[-34,-4],[-22,59],[-71,4],[-27,23],[-81,-33],[-28,-60],[-71,14],[-17,38],[-64,20],[-78,-9],[-56,-37],[-3,-61],[-66,-59],[-19,68],[-74,45],[-31,-24],[-70,2],[-27,49],[12,114],[-18,62],[-46,55],[-9,85],[-95,3],[-15,42],[23,32],[-100,95],[-32,116],[-15,203],[-140,67],[-15,-11],[-84,33],[-29,35],[-112,19],[-32,-43],[-44,42],[-55,-31],[-76,32],[-96,-5],[-107,24],[-31,27],[-39,-11],[-69,38],[-95,-56],[-109,50],[-62,-46],[-169,45],[-42,48],[-129,42],[-41,42],[-67,-39],[-30,39],[-65,-26],[-41,23],[-19,46],[-50,-41],[-36,12],[-40,-32],[-37,33],[-48,-33],[-26,-104],[40,-61],[-11,-77],[7,-139],[-20,-18],[-82,30],[-23,35],[-129,23],[-11,61],[-50,22],[-8,116],[48,42],[-72,125],[-84,56],[-14,52],[65,120],[-8,54],[-36,11],[-98,84],[-89,28],[-35,43],[-57,-15],[-15,54],[-47,57],[-60,27],[-49,46],[11,27],[-40,90],[14,116],[-24,64],[44,39],[40,-23],[42,17],[38,-30],[83,46],[61,-11],[27,81],[12,136],[35,116],[73,57],[36,183],[17,33],[73,-14],[13,36],[65,-39],[76,39],[54,117],[59,84],[78,26],[5,72],[-33,44],[-5,49],[26,54],[-2,88],[35,138],[68,9],[19,-62],[85,2],[41,24],[39,58],[3,-69],[130,-17],[52,9],[25,28],[5,118],[28,18],[-31,113],[29,37],[159,-2],[49,47],[44,69],[40,-23],[103,-20],[26,-25],[27,26],[88,4],[54,50],[63,-21],[48,-81],[39,52],[52,-36],[143,-15],[70,-46],[20,19],[-28,103],[19,81],[-7,101],[192,-84],[81,20],[83,-55],[97,-15],[176,-2],[131,-30],[29,23],[74,3],[19,20],[17,81],[29,-12],[94,34],[48,-7],[15,-57],[60,-5],[21,47],[64,6],[46,-32],[119,56],[51,8],[59,46],[100,-33],[63,3]]],"transform":{"scale":[0.0002162076897246479,0.00011941361131080747],"translate":[108.69457,31.231972]},"objects":{"json":{"type":"GeometryCollection","geometries":[{"arcs":[[0]],"type":"Polygon","properties":{"adcode":500238,"level":"district","name":"巫溪县","pinyin":"wuxixian","parent":{"adcode":500100},"childrenNum":0,"center":[109.570038,31.398619],"centroid":[109.570038,31.398619]}}]}}}