{"type":"Topology","arcs":[[[3733,2341],[-27,-6],[-25,-68],[-38,-45],[59,-99],[32,-179],[-19,-36],[63,-4],[46,-31],[-30,-39],[-86,11],[5,-59],[-27,-40],[17,-66],[56,9],[59,-24],[79,19],[34,-49],[31,23],[63,-122],[53,-46],[-20,-28],[34,-45],[-5,-68],[-52,-25],[23,-40],[5,-86],[50,-30],[-35,-97],[-33,-15],[-1,70],[-27,10],[-19,-55],[14,-48],[45,-42],[19,-69],[-46,-76],[-52,-33],[51,-25],[16,-41],[-39,-16],[11,-168],[-57,-61],[-5,-30],[-104,-48],[-23,-54],[-40,2],[-81,39],[-90,-32],[9,-75],[35,-30],[-41,-38],[-44,-6],[-194,29],[-83,-77],[-74,-24],[43,-69],[-5,-47],[-130,-19],[-51,-23],[-81,93],[-82,34],[-33,34],[-45,124],[5,41],[-62,-11],[-95,31],[-5,32],[-87,81],[-135,-14],[-101,9],[-3,90],[-113,-10],[-63,82],[-30,107],[-26,45],[-92,-2],[-73,-27],[-65,54],[-92,-3],[-45,80],[-51,2],[-54,-35],[-34,6],[0,64],[-24,78],[-41,67],[-45,28],[-5,42],[-60,68],[9,94],[-60,64],[-16,48],[20,67],[-15,66],[-54,2],[-18,29],[-140,25],[-12,-73],[-81,-120],[28,-82],[-49,-15],[-77,30],[-22,80],[-21,-6],[-38,-92],[45,-56],[-67,-59],[-121,-10],[-38,123],[-73,32],[112,39],[-56,100],[-29,103],[-49,58],[117,92],[-20,49],[-153,-33],[-25,21],[10,53],[-36,52],[-1,50],[-116,30],[15,71],[48,45],[144,63],[85,66],[-127,161],[-60,32],[-65,-71],[-47,50],[-58,-1],[-1,40],[101,55],[-3,58],[31,123],[-79,89],[15,74],[-42,80],[-6,60],[47,32],[74,0],[26,20],[-28,55],[-95,25],[-34,35],[93,18],[59,-9],[6,56],[-94,38],[-126,26],[-31,-7],[-57,74],[-90,34],[-32,63],[73,93],[0,100],[-46,29],[-82,103],[13,42],[-26,70],[53,32],[1,69],[35,16],[35,98],[-61,94],[46,50],[19,64],[69,11],[-1,-60],[64,-109],[39,-7],[98,47],[-7,95],[76,-25],[79,-1],[39,25],[98,-4],[-35,-98],[122,-91],[42,75],[72,19],[113,-85],[115,142],[105,13],[-3,-73],[80,-13],[57,-53],[75,-3],[12,-80],[43,13],[90,-70],[26,-2],[62,52],[-13,40],[84,16],[32,-34],[76,60],[5,59],[44,93],[5,49],[104,-33],[60,69],[59,13],[6,-33],[61,3],[6,-36],[85,-138],[42,-6],[25,-39],[-34,-62],[-41,-17],[1,-65],[-24,-6],[-19,57],[-52,-152],[57,-57],[88,-140],[201,-94],[15,52],[56,35],[40,-57],[102,-18],[29,81],[58,-24],[52,31],[13,-63],[-19,-49],[36,-67],[62,1],[20,53],[66,75],[37,-15],[142,14],[56,80],[50,-26],[33,-66],[81,-8],[1,-77],[27,-50],[-15,-69],[-27,6],[-15,-65],[-36,-21],[-46,-73],[77,9],[-59,-34],[-1,-38],[-131,-69],[-53,15],[-19,-68],[43,-38],[-49,-63],[-23,-83],[-50,-83],[17,-82],[37,-3],[32,46],[77,7],[53,-44],[57,-8],[71,-53],[51,-95],[-7,-33],[36,-91],[67,10],[83,-46],[62,21],[28,-47]]],"transform":{"scale":[0.00012654996353027293,0.00011859638554216884],"translate":[105.20572799999998,30.972583]},"objects":{"json":{"type":"GeometryCollection","geometries":[{"arcs":[[0]],"type":"Polygon","properties":{"adcode":510723,"level":"district","name":"盐亭县","pinyin":"yantingxian","parent":{"adcode":510700},"childrenNum":0,"center":[105.389453,31.208362],"centroid":[105.389453,31.208362]}}]}}}