{"type":"Topology","arcs":[[[3149,3135],[27,-11]],[[3176,3124],[-13,4],[-5,1],[-9,6]],[[1319,405],[-9,-25],[-115,-20],[-72,10],[21,39],[88,53],[86,12],[1,-69]],[[3176,3124],[-5,-25],[69,-66],[-41,-19],[22,-92],[58,4],[27,33],[57,8],[15,-39],[-43,-64],[42,-24],[-38,-52],[-43,11],[-17,-31],[45,-26],[46,-73],[-11,-34],[-86,4],[-57,133],[-32,-19],[-4,-120],[-49,36],[-49,-44],[-10,33],[-108,-30],[-95,32],[-60,44],[-20,-109],[-31,-32],[-3,-61],[109,-67],[81,-2],[21,-58],[41,23],[108,-24],[73,20],[20,-25],[-29,-83],[81,-90],[-21,-46],[-89,-56],[-23,-41],[-85,-42],[-16,-90],[-33,-92],[26,-50],[38,6],[99,152],[39,25],[43,-9],[30,-51],[24,-193],[-35,-130],[22,-42],[11,-101],[64,-25],[124,39],[-13,-47],[9,-76],[59,-41],[-2,-68],[69,-20],[-62,-34],[-25,-39],[-61,-15],[-38,-34],[40,-30],[-12,-78],[26,-64],[-22,-49],[-71,-43],[-1,-108],[-87,-72],[-11,-100],[-31,-23],[33,-88],[-48,-3],[44,-115],[-59,-57],[4,-91],[-21,-48],[12,-68],[-64,-30],[-86,26],[-71,-35],[-26,43],[-23,94],[-63,4],[17,59],[-29,25],[-108,4],[-109,-23],[-67,17],[-85,-105],[-117,-2],[-87,31],[-40,50],[-97,-17],[-38,-27],[-28,27],[-88,6],[-255,42],[-36,48],[-75,-73],[-162,36],[-50,-16],[-67,91],[20,73],[78,55],[-40,86],[-42,19],[-7,89],[-85,38],[-35,-49],[-88,18],[-125,-44],[-52,-2],[-62,40],[-38,57],[-48,170],[-17,22],[-92,39],[-18,70],[-201,17],[-93,59],[39,36],[24,73],[-44,33],[55,46],[21,50],[-20,55],[-40,16],[-102,103],[10,74],[42,30],[46,85],[-9,69],[97,97],[6,89],[-95,65],[-120,-1],[-50,-60],[-57,-30],[-66,0],[-36,88],[-75,21],[-37,56],[61,25],[13,59],[-74,73],[43,39],[80,11],[49,76],[49,-3],[13,-46],[111,141],[4,62],[70,16],[72,-66],[67,2],[61,-114],[10,23],[-4,133],[109,30],[94,-61],[87,3],[20,51],[82,6],[-24,76],[84,-20],[43,-32],[43,-149],[62,-63],[45,-87],[82,-3],[30,126],[-13,77],[61,34],[48,-40],[116,27],[6,72],[33,27],[-5,51],[-34,22],[-30,-54],[-4,102],[-20,46],[66,76],[17,69],[45,18],[-3,38],[-79,-31],[-39,92],[-33,36],[25,91],[123,28],[12,-25],[48,24],[47,-37],[64,71],[4,30],[-104,70],[-1,78],[30,27],[-10,57],[53,79],[59,-20],[25,36],[56,-9],[30,54],[-18,29],[74,18],[49,-59],[81,31],[79,-76],[14,-116],[64,3],[23,69],[-27,44],[52,16],[4,-43],[32,61],[199,23],[4,-184],[18,-61],[75,-14],[38,42],[93,66],[83,-1],[64,-128],[-9,-55],[-67,27],[-32,-15],[9,-133],[-24,-71],[77,-78],[57,66],[79,19],[83,65]]],"transform":{"scale":[0.0001386183333333335,0.00012138163321418776],"translate":[103.694705,29.019838]},"objects":{"json":{"type":"GeometryCollection","geometries":[{"arcs":[[[0,1]],[[2]],[[-2,3]]],"type":"MultiPolygon","properties":{"adcode":511123,"level":"district","name":"犍为县","pinyin":"jianweixian","parent":{"adcode":511100},"childrenNum":0,"center":[103.949231,29.208118],"centroid":[103.949231,29.208118]}}]}}}