{"type":"Topology","arcs":[[[1342,235],[0,-16]],[[1342,219],[-55,4]],[[1287,223],[5,13]],[[1292,236],[50,-1]],[[1342,235],[-36,43],[-14,-42]],[[1287,223],[-68,-38],[-111,-6],[-54,49],[-39,88],[-59,31],[-65,-14],[-100,25],[-15,78],[-94,73],[-31,99],[-55,-27],[-59,-64],[-63,-9],[15,-79],[-98,13],[-23,47],[30,57],[-3,124],[-95,16],[-46,40],[-85,158],[-36,29],[-12,61],[-78,12],[4,80],[-47,79],[80,28],[38,57],[53,32],[211,-33],[48,6],[44,44],[-39,34],[15,51],[-24,35],[98,37],[88,-45],[43,-1],[26,61],[113,55],[6,35],[61,70],[-11,193],[42,19],[-17,46],[-57,29],[58,39],[49,87],[-21,79],[-49,48],[-15,55],[21,64],[30,-12],[0,-81],[37,18],[38,111],[-54,35],[-6,99],[-25,45],[56,29],[5,79],[-36,51],[21,32],[-57,53],[-9,40],[-60,100],[-34,-26],[-36,56],[-86,-21],[-64,27],[-61,-11],[-19,77],[30,46],[-6,67],[94,-12],[32,45],[-50,36],[-69,4],[21,42],[-35,205],[-64,114],[42,51],[26,78],[54,-4],[39,-48],[57,-14],[99,65],[-42,72],[112,-37],[33,-48],[177,49],[53,28],[13,-114],[49,-120],[29,-30],[25,37],[86,51],[80,-38],[33,-46],[107,19],[39,-50],[-8,-62],[52,-40],[24,33],[76,24],[39,-41],[58,-19],[-14,-47],[31,-46],[-20,-61],[22,-64],[-54,-57],[51,-29],[4,-47],[58,32],[94,-49],[38,68],[74,18],[116,-53],[141,22],[73,-15],[16,54],[79,9],[59,27],[55,-4],[57,-52],[82,37],[-12,106],[-42,45],[-9,58],[42,35],[35,-9],[15,-96],[44,-8],[27,57],[50,-39],[5,58],[52,21],[1,-72],[68,-14],[28,63],[35,3],[97,-89],[70,29],[29,-79],[78,3],[71,-50],[33,-58],[-22,-42],[17,-43],[84,-32],[6,-64],[-100,-36],[-17,-68],[12,-50],[-88,-34],[-3,-36],[81,-81],[-43,-26],[15,-44],[123,11],[34,25],[105,-30],[-43,-109],[49,-59],[38,26],[84,-43],[89,10],[25,-57],[78,-2],[25,-45],[-69,-15],[12,-66],[-25,-23],[-91,5],[5,-83],[57,-11],[-8,-53],[-45,-44],[-11,-52],[-42,2],[-29,-43],[33,-49],[-72,-101],[-38,-17],[53,-30],[-99,-26],[10,-113],[-13,-68],[-50,-20],[-19,-101],[-63,-101],[-71,47],[-48,-22],[36,-66],[12,-164],[53,-105],[-35,-80],[-60,-45],[-49,10],[-159,-101],[-91,56],[-39,-121],[-56,-3],[-8,-69],[48,-73],[-36,-105],[-52,-19],[-5,-101],[-160,-89],[10,-75],[-60,-58],[-72,78],[-138,88],[-82,92],[-43,76],[-45,-5],[-67,-98],[-120,4],[-56,-101],[-10,93],[-49,130],[-158,42],[-16,95],[-77,-55],[-65,23],[-42,-11],[-76,20],[-71,-34],[-63,28],[-62,-30],[-16,-92],[-69,-35],[22,-69],[91,-25],[-11,-46],[-116,17],[-7,34]]],"transform":{"scale":[0.00011637084779375455,0.00010318396987627791],"translate":[105.613869,30.873129999999996]},"objects":{"json":{"type":"GeometryCollection","geometries":[{"arcs":[[[0,1,2,3]],[[-1,4,-3,5]]],"type":"MultiPolygon","properties":{"adcode":511325,"level":"district","name":"西充县","pinyin":"xichongxian","parent":{"adcode":511300},"childrenNum":0,"center":[105.900894,30.995546],"centroid":[105.900894,30.995546]}}]}}}