{"type":"Topology","arcs":[[[3961,1605],[-3,-14]],[[3958,1591],[-3,2],[2,11],[4,1]],[[3958,1591],[-31,-98],[1,-62],[24,-36],[-11,-76],[-23,-24],[60,-36],[64,32],[60,-40],[-59,-85],[-61,-47],[-66,-22],[-50,10],[-71,-110],[-27,-69],[7,-89],[-85,-61],[-19,-43],[-75,12],[-113,-24],[-45,19],[-57,95],[-24,3],[-105,-56],[-45,-6],[-30,-38],[-84,23],[-95,-86],[-70,-26],[0,-36],[84,-55],[11,-57],[-49,-30],[-66,13],[-38,48],[-51,28],[-97,-112],[-68,-117],[-7,-38],[-49,-57],[-32,18],[4,-54],[-96,-189],[-37,-13],[-49,21],[-60,-14],[4,34],[-79,27],[36,33],[-81,40],[39,28],[-56,31],[9,65],[-35,53],[-82,-20],[-4,-58],[-88,2],[1,58],[-27,11],[-19,64],[43,56],[-33,18],[-21,-43],[-58,-15],[-5,51],[31,96],[-73,19],[-17,27],[-147,24],[-30,-17],[-2,-48],[-110,16],[-20,35],[-59,22],[-64,116],[-68,23],[9,37],[-58,24],[-40,-24],[-142,141],[-10,70],[-74,50],[1,31],[64,13],[69,137],[46,18],[4,60],[-88,5],[-9,79],[-40,23],[-88,-1],[-91,17],[2,39],[39,18],[47,61],[8,74],[-46,81],[-61,-36],[-92,72],[-65,-30],[-115,5],[-72,-100],[-88,-46],[-92,48],[-40,-11],[8,71],[86,68],[129,63],[26,60],[-33,60],[-75,-58],[-65,3],[-120,164],[55,81],[-36,23],[-23,72],[-2,77],[-42,96],[9,38],[-57,2],[-73,35],[-68,14],[-10,61],[58,28],[15,-28],[59,-9],[78,20],[24,-36],[46,-3],[21,34],[-24,64],[93,45],[-28,49],[35,63],[-14,37],[40,39],[-32,120],[57,70],[40,135],[-5,95],[-37,119],[-91,143],[3,88],[96,176],[-22,39],[5,71],[-51,37],[21,68],[78,15],[26,53],[-37,29],[-104,27],[-72,78],[100,148],[27,75],[-39,109],[84,75],[10,42],[77,-77],[87,-4],[126,53],[25,-55],[116,43],[40,-54],[69,21],[37,-71],[88,-10],[12,-44],[65,2],[26,-54],[108,-42],[17,-48],[90,-8],[149,98],[25,31],[12,142],[39,73],[46,39],[32,95],[36,34],[38,106],[-6,36],[66,77],[36,7],[60,-96],[81,28],[135,-48],[17,-32],[-24,-38],[5,-83],[21,-48],[-31,-35],[30,-49],[22,12],[38,-62],[-87,-82],[15,-35],[77,-53],[144,-17],[46,-80],[-9,-65],[20,-27],[68,22],[71,-71],[103,-34],[23,-37],[119,22],[65,-52],[113,-23],[97,-74],[-27,-21],[-58,10],[28,-62],[88,-44],[80,-14],[31,-27],[33,-169],[-22,-37],[76,-62],[77,6],[44,-71],[30,-82],[-33,-33],[91,-73],[51,7],[17,78],[85,-3],[68,-101],[138,9],[22,-36],[-48,-30],[47,-34],[-44,-41],[-56,-10],[2,-57],[75,-69],[-20,-22],[-85,21],[-35,-15],[-6,-85],[66,-6],[-58,-55],[-30,-196],[8,-45],[58,19],[102,-59],[-95,-127],[-38,-110],[11,-40],[113,-31],[27,-28],[-15,-37],[-45,-18],[75,-92],[32,-4],[11,-121],[67,-23],[27,-40],[-57,-58],[9,-94],[31,-43],[-81,-37],[-41,-71]]],"transform":{"scale":[0.00014210823988298278,0.00013827234886025752],"translate":[103.920738,29.632262]},"objects":{"json":{"type":"GeometryCollection","geometries":[{"arcs":[[[0,1]],[[-2,2]]],"type":"MultiPolygon","properties":{"adcode":511421,"level":"district","name":"仁寿县","pinyin":"renshouxian","parent":{"adcode":511400},"childrenNum":0,"center":[104.133931,29.995638],"centroid":[104.133931,29.995638]}}]}}}