{"type":"Topology","arcs":[[[1400,3203],[-20,-31],[-24,32],[44,-1]],[[488,2620],[-11,-34],[-22,-237],[-25,-22],[-53,7],[-21,37],[-11,141],[16,90],[56,-8],[71,26]],[[706,2585],[29,2],[10,67],[113,-16],[54,100],[38,-19],[36,-56],[-35,-103],[37,-59],[43,-27],[-22,-56],[69,-9],[67,-56],[59,-5],[3,-20],[75,15],[13,75],[-17,49],[18,22],[65,9],[31,25],[-2,36],[51,13],[40,50],[-23,34],[10,38],[85,72],[-25,20],[13,55],[-76,45],[9,38],[55,20],[-76,61],[6,29],[82,6],[-1,26],[98,-27],[-11,51],[-49,62],[36,54],[18,132],[-39,78],[22,43],[67,17],[14,84],[-65,59],[69,160],[-54,180],[90,73],[-5,74],[40,44],[-26,49],[26,61],[162,3],[45,-9],[26,-83],[-2,-43],[28,-85],[37,-7],[17,31],[101,53],[108,2],[89,124],[122,94],[-13,106],[15,71],[38,10],[141,-37],[42,6],[84,-56],[30,-84],[97,-30],[12,-66],[-54,-44],[-24,-48],[18,-85],[110,-39],[24,-36],[37,-118],[2,-62],[-24,-40],[0,-78],[29,-26],[67,-17],[-1,-113],[54,-143],[59,-89],[53,-25],[14,-64],[44,-23],[71,-8],[-37,-80],[19,-44],[-22,-55],[-116,-77],[17,-50],[-32,-47],[40,-10],[3,-31],[-40,-4],[-64,-114],[-10,-37],[-51,-4],[-22,51],[-90,-1],[-24,-53],[64,-35],[-12,-49],[-42,-7],[-18,-34],[-44,79],[-45,-25],[-31,-49],[-61,-1],[-24,-59],[53,22],[4,-53],[-61,-8],[-48,48],[-74,5],[-37,-15],[-74,15],[-51,-18],[15,-107],[-89,-16],[-33,-29],[-85,-10],[-93,-33],[-19,-26],[37,-40],[-39,-27],[38,-70],[-3,-114],[48,-25],[127,-38],[10,-82],[131,-56],[-24,-34],[24,-19],[54,5],[12,32],[146,-13],[38,-89],[-47,-5],[-86,-55],[-4,-30],[45,-46],[-14,-104],[-149,-43],[3,-23],[68,17],[95,-8],[66,-50],[-9,-40],[49,-53],[-27,-65],[36,-23],[115,25],[64,-2],[14,-18],[-226,-68],[-199,-74],[-179,-9],[-51,-31],[-31,-61],[-119,-118],[-283,-97],[-91,3],[-65,-28],[-20,-100],[-63,-51],[-116,-68],[-46,-2],[-59,-44],[-84,-115],[-14,-33],[-65,-5],[-26,-84],[-71,-12],[-28,-62],[-100,-13],[-136,41],[-110,77],[-26,6],[-143,-37],[-139,-10],[-62,55],[-74,38],[-99,-35],[-77,-106],[-67,-71],[-56,-26],[-75,-8],[-8,39],[31,32],[-8,42],[7,116],[-35,37],[53,104],[-27,71],[145,96],[147,39],[14,72],[-36,34],[2,100],[55,53],[29,53],[-2,47],[21,96],[39,66],[-12,114],[-21,41],[23,44],[26,149],[-43,34],[59,117],[86,33],[82,-10],[55,-93],[108,-34],[39,45],[-6,37],[23,108],[74,93],[7,41],[-40,31],[-3,58],[-35,56],[20,120],[-34,100],[-84,7],[-9,71],[-33,68],[-75,17],[51,62],[-10,35],[18,144]]],"transform":{"scale":[0.0002340393700787398,0.00025262359178263797],"translate":[101.832288,26.045865]},"objects":{"json":{"type":"GeometryCollection","geometries":[{"arcs":[[[0]],[[1]],[[2]]],"type":"MultiPolygon","properties":{"adcode":513402,"level":"district","name":"会理市","pinyin":"huilishi","parent":{"adcode":513400},"childrenNum":0,"center":[102.244774,26.655047],"centroid":[102.244774,26.655047]}}]}}}