{"type":"Topology","arcs":[[[2998,23],[0,-21],[-52,-2],[2,23],[-21,72],[-28,36],[1,61],[40,33],[-20,61],[-37,39],[-88,3],[-83,-46],[-39,-43],[-102,-62],[-101,-20],[-77,7],[-118,27],[-87,7],[-77,24],[-22,22],[-115,-3],[-70,15],[-51,0],[-24,14],[-7,44],[24,38],[23,-12],[40,19],[41,-1],[25,21],[4,77],[65,-1],[15,21],[-27,80],[-36,46],[-54,9],[-37,-7],[12,23],[-131,-6],[-23,53],[42,129],[11,58],[-2,52],[-51,109],[-40,41],[-58,24],[-83,15],[-46,17],[-91,90],[-46,32],[-26,2],[-113,-32],[-187,-70],[-102,-56],[-53,-11],[-120,7],[-57,13],[-51,26],[-56,47],[-22,31],[-66,10],[-13,27],[33,74],[-23,42],[-35,37],[26,24],[42,7],[-24,48],[11,80],[-110,65],[-37,28],[-23,45],[-16,58],[-26,41],[-122,105],[-22,89],[-44,58],[-89,47],[-61,40],[-13,78],[77,70],[281,43],[69,48],[9,71],[-85,256],[4,177],[65,238],[11,127],[-67,94],[-142,73],[-216,174],[51,268],[79,132],[84,62],[175,25],[11,37],[42,4],[39,21],[168,60],[125,131],[107,76],[99,5],[95,-193],[59,-64],[105,-59],[61,-1],[92,55],[197,300],[61,-1],[210,-117],[69,-1],[61,27],[78,62],[32,63],[-3,205],[16,63],[47,42],[262,-196],[41,-191],[183,-273],[54,-1],[145,75],[99,12],[37,-30],[-1,-77],[-158,-272],[-2,-50],[59,-100],[-42,-162],[52,-64],[82,-38],[106,-2],[192,130],[227,-6],[199,94],[60,-1],[53,-30],[-2,-91],[-80,-168],[10,-123],[33,-67],[1,-26],[-46,-90],[-27,-35],[-28,8],[-34,-12],[-27,12],[-20,36],[-64,-40],[-26,14],[-48,-6],[-22,13],[2,41],[-37,-35],[-61,5],[13,45],[-70,-7],[-41,-17],[-26,-128],[13,-30],[-16,-74],[-39,-58],[10,-117],[21,-40],[-36,-2],[8,-67],[-28,-80],[-19,-10],[6,-61],[-18,-15],[1,-33],[-19,-28],[-20,-90],[-35,-71],[-61,-69],[0,-42],[25,-14],[-16,-45],[-9,-67],[-24,-23],[-35,-1],[18,-23],[-14,-26],[24,-16],[-52,-153],[25,-28],[38,4],[-9,-19],[15,-55],[34,-47],[44,3],[26,54],[32,7],[49,54],[37,7],[59,74],[4,30],[33,-30],[53,-8],[-24,27],[13,41],[41,9],[25,-28],[48,6],[44,-13],[-9,-38],[11,-40],[-23,-26],[-21,17],[-6,-26],[48,-16],[-9,-45],[30,-45],[80,-22],[36,-33],[82,-15],[36,-43],[-37,-61],[-131,-16],[-30,4],[-4,-44],[-43,-29],[16,-12],[4,-70],[-66,19],[21,-26],[-21,-21],[0,-32],[-28,-24],[18,-48],[32,2],[-29,-78],[-33,-13],[8,-19],[74,4],[4,-31],[31,-49],[-17,-24],[-25,4],[-45,-98],[-59,-46],[90,-14],[-5,-18],[26,-45],[0,-67],[-18,-8],[50,-37],[12,-36],[-22,-33],[-63,13],[-63,58],[-95,27],[-28,-4],[-11,-26],[6,-43],[1,-118],[-10,-13],[-66,-13],[-54,-91],[-61,-52],[-89,-156],[17,-15]]],"transform":{"scale":[0.00011059963293130767,0.00010664348554671183],"translate":[106.125092,26.42297]},"objects":{"json":{"type":"GeometryCollection","geometries":[{"arcs":[[0]],"type":"Polygon","properties":{"adcode":520181,"level":"district","name":"清镇市","pinyin":"qingzhenshi","parent":{"adcode":520100},"childrenNum":0,"center":[106.468686,26.570435],"centroid":[106.468686,26.570435]}}]}}}