{"type":"Topology","arcs":[[[1370,2501],[46,29],[48,-10],[40,46],[71,13],[-8,118],[-52,61],[-47,83],[-11,57],[22,60],[48,57],[45,-1],[45,26],[57,-1],[78,28],[6,56],[-76,26],[-42,40],[2,115],[78,4],[34,66],[27,3],[38,-47],[5,-49],[37,-22],[38,-63],[56,37],[46,8],[33,74],[-21,47],[111,-1],[85,10],[16,125],[-13,2],[72,153],[14,60],[-112,-7],[-39,31],[-4,46],[46,6],[-51,85],[-130,66],[-23,92],[49,63],[27,-14],[10,55],[27,21],[89,-3],[12,-30],[51,26],[64,75],[61,32],[40,-25],[72,49],[58,-12],[44,-56],[21,-51],[42,-22],[8,-54],[85,36],[46,-11],[59,14],[10,57],[-44,91],[-3,44],[45,83],[-31,108],[100,16],[15,24],[72,2],[-14,115],[86,-1],[34,-22],[-11,-46],[20,-25],[96,26],[-70,30],[37,81],[74,21],[32,-45],[-1,-35],[-48,-12],[-19,-43],[69,-9],[92,43],[28,72],[66,8],[76,-14],[103,-3],[21,-55],[37,1],[16,30],[56,-12],[64,14],[29,-17],[50,44],[26,-52],[-24,-9],[66,-43],[-51,-103],[-9,-47],[110,-12],[55,6],[-12,-37],[-41,-6],[-30,-67],[15,-99],[28,-32],[2,-80],[204,-79],[14,42],[83,-84],[6,-80],[-24,-76],[-35,-62],[-101,-73],[-79,-25],[-141,9],[-51,-17],[-81,-76],[-24,-97],[-28,-34],[-76,-2],[-137,64],[-58,-1],[-114,-23],[-58,37],[-26,-9],[55,-96],[48,-37],[10,-66],[-87,23],[-68,-44],[60,-136],[14,-82],[-20,-54],[34,-91],[-18,-140],[-7,-125],[-65,-12],[-55,-29],[-8,-64],[17,-20],[-39,-73],[-40,-5],[-4,-35],[-57,0],[-21,-32],[12,-34],[-58,17],[-3,54],[-32,-9],[-30,-44],[-95,9],[-46,-33],[-79,-88],[-30,-60],[17,-73],[131,-124],[-17,-124],[2,-97],[-86,-118],[-2,-105],[30,-153],[45,-119],[0,-68],[-97,-99],[-1,-162],[50,-165],[9,-76],[-13,-78],[35,-133],[1,-36],[-48,18],[-161,31],[14,-179],[-36,-30],[-49,1],[-58,52],[-47,150],[-63,41],[-90,-24],[-40,-39],[-53,-106],[-79,-33],[-29,-33],[19,-113],[-76,-73],[-62,2],[-63,-16],[-93,28],[-79,7],[-65,-19],[-81,-62],[-86,-42],[-115,-12],[-120,-40],[-35,27],[15,80],[-49,121],[2,104],[-27,57],[-49,0],[-98,39],[-77,-30],[-219,17],[-126,-36],[-67,1],[-97,72],[-67,16],[-85,1],[-67,20],[-145,126],[-31,45],[-39,110],[-17,91],[52,9],[12,24],[-45,67],[-8,50],[18,47],[40,42],[93,42],[91,-1],[256,28],[94,-70],[49,-19],[64,20],[71,42],[57,-23],[57,27],[75,76],[36,11],[61,-38],[27,11],[16,72],[84,93],[37,25],[66,110],[22,125],[39,73],[16,60],[-3,84],[58,96],[70,39],[-10,66],[55,59],[20,123],[-88,36],[-29,-9],[28,48],[-66,77],[-38,30],[-7,88]]],"transform":{"scale":[0.00018933477963005028,0.00019977681404696393],"translate":[106.44817000000002,27.951023999999997]},"objects":{"json":{"type":"GeometryCollection","geometries":[{"arcs":[[0]],"type":"Polygon","properties":{"adcode":520322,"level":"district","name":"桐梓县","pinyin":"tongzixian","parent":{"adcode":520300},"childrenNum":0,"center":[106.824661,28.132991],"centroid":[106.824661,28.132991]}}]}}}