{"type":"Topology","arcs":[[[4563,2337],[-23,0],[-4,-47],[-63,-11],[-69,-36],[19,-35],[-48,-32],[-41,-59],[-30,7],[-19,-52],[-73,-1],[-59,-154],[-80,12],[-12,-43],[-108,-111],[37,-50],[-8,-56],[-97,-100],[-3,-49],[53,-55],[-13,-43],[12,-64],[-13,-29],[23,-33],[-17,-20],[26,-59],[-16,-11],[0,-62],[41,-17],[13,-94],[123,-75],[40,-42],[21,-49],[43,-167],[26,-48],[47,-27],[50,-74],[46,-26],[3,-80],[-42,-18],[-10,-64],[-33,-8],[1,-31],[-109,-11],[-85,-28],[-280,14],[-113,17],[-37,39],[-54,22],[-59,99],[-39,93],[-63,54],[-80,34],[-74,9],[-105,-24],[10,-26],[-45,-54],[39,-23],[-37,-58],[8,-42],[-41,-23],[-85,11],[-47,53],[0,188],[-73,-34],[-17,-29],[-58,3],[-16,-56],[-26,5],[-2,44],[-59,-43],[-27,-87],[38,-19],[-107,7],[-39,-51],[13,-31],[-78,-63],[-33,10],[-130,-10],[-47,-61],[5,-77],[-25,-35],[-70,-11],[-94,48],[-21,66],[-65,-12],[-10,-99],[-16,-48],[-105,-23],[-41,25],[-14,145],[37,69],[35,23],[-19,33],[-59,17],[-3,-19],[-95,17],[-69,-28],[22,-31],[-102,-2],[12,-72],[-72,9],[14,-126],[-83,57],[-13,-15],[-77,12],[32,53],[-112,-88],[49,-50],[-50,-14],[41,-59],[-77,-18],[-97,1],[-25,44],[-41,-2],[-4,30],[-66,33],[-146,34],[-78,30],[-55,68],[-71,128],[10,57],[75,86],[66,18],[61,-2],[67,16],[30,36],[12,64],[6,125],[-7,124],[1,249],[-22,76],[-31,27],[-94,40],[-161,125],[-36,47],[-10,76],[-2,173],[-44,93],[-54,27],[-33,75],[-81,27],[-35,33],[-95,28],[-52,-14],[-43,-47],[-72,-12],[-24,31],[-5,55],[-51,28],[-51,4],[13,60],[30,11],[-7,131],[6,52],[64,47],[31,52],[2,120],[17,9],[5,78],[-16,59],[10,52],[34,36],[46,18],[17,174],[-7,67],[-26,68],[-9,71],[-23,74],[-34,51],[-44,132],[-31,143],[-32,110],[-22,13],[-24,160],[-46,42],[61,67],[77,70],[70,24],[148,76],[140,40],[77,37],[62,78],[46,30],[118,55],[107,110],[60,22],[76,-44],[149,-141],[69,-110],[24,-72],[13,-177],[26,-78],[93,-145],[56,-44],[81,-18],[198,17],[138,68],[97,23],[162,12],[86,20],[210,83],[71,-11],[185,-116],[33,-35],[15,-77],[-19,-76],[-95,-204],[-8,-66],[13,-43],[36,-36],[42,-13],[48,22],[110,11],[143,-47],[50,-4],[58,81],[44,33],[29,-72],[47,-8],[61,-53],[-2,-47],[29,-23],[94,-9],[46,-45],[-32,-9],[70,-75],[-19,-107],[-46,-61],[-33,-17],[37,-52],[90,-29],[28,25],[102,19],[51,24],[27,-20],[77,9],[23,67],[25,-33],[47,-1],[2,59],[-34,71],[23,55],[122,-42],[30,-27],[44,-1],[83,-34],[43,-47],[111,-68],[10,-53],[-49,29],[3,-27],[-47,2],[26,-39],[-5,-44],[50,-33],[85,3],[18,-19],[82,27],[33,-3],[19,-55],[-5,-61],[-34,-8],[62,-68],[-30,-46]]],"transform":{"scale":[0.000113873503156978,0.00011140067114093961],"translate":[107.245285,26.537711]},"objects":{"json":{"type":"GeometryCollection","geometries":[{"arcs":[[0]],"type":"Polygon","properties":{"adcode":522702,"level":"district","name":"福泉市","pinyin":"fuquanshi","parent":{"adcode":522700},"childrenNum":0,"center":[107.520371,26.686773],"centroid":[107.520371,26.686773]}}]}}}