{"type":"Topology","arcs":[[[3809,3213],[107,-17],[95,26],[127,-2],[60,-23],[99,-111],[37,-158],[31,-40],[5,-44],[-72,-9],[-92,-56],[11,-63],[-75,-26],[-64,-46],[3,-72],[-75,-65],[1,-35],[-75,-98],[-19,-87],[-63,-46],[-97,-23],[-71,-48],[-55,-69],[-94,-174],[-51,-31],[-56,-74],[-31,-13],[-47,-68],[11,-51],[-26,-69],[20,-71],[32,-36],[-34,-40],[14,-79],[-82,-115],[5,-33],[-54,-25],[-36,-138],[-62,-97],[-25,-117],[-57,-93],[-62,-7],[-80,-71],[-87,20],[0,-33],[65,-34],[58,15],[21,60],[63,-1],[12,-41],[90,-47],[13,-22],[-13,-95],[-3,-121],[21,-22],[14,-87],[40,-51],[12,-70],[-111,-103],[-80,-18],[-142,90],[23,-57],[-56,-7],[-37,-29],[-95,-22],[-100,19],[-49,-30],[-70,-13],[-40,18],[39,136],[-16,71],[0,157],[72,112],[-14,37],[19,44],[-20,61],[-110,74],[-53,-42],[-62,56],[2,98],[-77,-1],[-27,53],[-53,17],[27,78],[-20,88],[-96,115],[-72,22],[-50,52],[-62,27],[-73,-1],[-54,74],[-48,22],[20,22],[-40,40],[-8,-31],[-46,11],[-11,103],[-86,73],[-114,12],[-92,-33],[-27,4],[-14,-52],[-45,8],[-76,-63],[-15,95],[-14,4],[-134,-53],[-34,15],[4,50],[-30,22],[10,49],[40,42],[-57,10],[-56,59],[93,34],[4,32],[-39,32],[32,45],[87,-5],[55,54],[81,33],[18,62],[67,56],[28,63],[62,45],[-4,27],[-62,-27],[-44,1],[-61,54],[42,70],[-22,44],[41,129],[-6,110],[17,72],[-45,47],[-41,1],[-150,-66],[-14,-51],[-36,-39],[-78,-9],[-129,33],[-33,50],[-79,-16],[-26,28],[-128,47],[-6,74],[-44,15],[-49,-25],[-94,2],[-17,38],[-80,43],[-72,4],[-92,50],[-64,64],[97,76],[66,14],[43,45],[45,4],[109,116],[-3,45],[-45,87],[-33,7],[2,42],[-33,12],[-51,93],[-37,12],[-76,67],[39,0],[29,45],[159,-7],[5,-18],[90,-15],[46,5],[50,-45],[29,54],[-33,32],[7,47],[46,31],[51,2],[33,-40],[20,64],[-78,52],[15,156],[52,28],[4,52],[66,-25],[46,29],[51,0],[14,-31],[83,89],[73,33],[-26,55],[-4,59],[60,28],[71,-26],[63,6],[45,33],[-20,25],[-8,106],[63,67],[49,-1],[81,56],[57,97],[47,17],[25,39],[-41,22],[-10,73],[72,27],[45,-44],[79,-6],[23,76],[45,-33],[121,-1],[105,-22],[155,-9],[-27,49],[17,92],[79,23],[9,74],[77,159],[22,11],[36,149],[64,-20],[59,2],[55,-40],[-12,-65],[19,-76],[56,-49],[-9,-119],[19,-68],[38,-49],[-10,-71],[10,-56],[-45,-84],[-32,-15],[42,-39],[17,-60],[41,-19],[37,-61],[-57,-55],[-32,-107],[-120,-115],[3,-55],[74,-47],[18,-89],[21,-10],[14,90],[38,30],[116,-131],[3,-86],[18,-43],[32,-12],[48,-116],[26,-118],[-47,-98],[46,-20],[11,-132],[15,-27],[-57,-99],[4,-57],[74,-36],[186,38],[23,-24],[102,-12],[279,25],[120,40],[48,26],[26,-36],[137,43]]],"transform":{"scale":[0.00016967162471395674,0.00016588341143392688],"translate":[103.971539,24.524474]},"objects":{"json":{"type":"GeometryCollection","geometries":[{"arcs":[[0]],"type":"Polygon","properties":{"adcode":530324,"level":"district","name":"罗平县","pinyin":"luopingxian","parent":{"adcode":530300},"childrenNum":0,"center":[104.297124,24.865388],"centroid":[104.297124,24.865388]}}]}}}