{"type":"Topology","arcs":[[[722,1924],[43,33],[13,-20],[109,27],[24,-24],[101,2],[47,49],[40,-38],[61,-2],[80,17],[34,22],[80,14],[98,62],[20,25],[-6,137],[34,53],[45,28],[82,28],[90,7],[14,32],[-44,75],[-90,-3],[-5,113],[20,43],[40,29],[47,0],[22,20],[19,58],[58,101],[67,-33],[74,-12],[8,18],[-27,55],[17,73],[93,89],[17,90],[74,24],[37,61],[-20,83],[-2,63],[32,169],[7,98],[30,18],[167,14],[71,26],[64,48],[101,92],[76,88],[14,76],[46,24],[78,-7],[19,-13],[10,-55],[79,-20],[43,-63],[83,28],[93,-43],[59,-8],[91,-91],[101,-18],[74,-35],[72,-3],[27,22],[94,32],[30,-51],[55,-2],[18,-48],[48,-54],[2,-63],[-22,-50],[6,-56],[-33,-21],[-75,-103],[-17,-71],[27,-79],[61,-114],[42,-61],[246,-60],[58,21],[39,69],[43,40],[44,0],[28,47],[50,2],[-8,-34],[29,-34],[65,-5],[67,-27],[21,-26],[-16,-129],[12,-52],[60,-67],[24,-45],[19,-85],[-10,-93],[20,-77],[0,-66],[-29,-67],[-67,-59],[-33,-95],[-33,-26],[-59,31],[-67,-21],[-105,-139],[-17,-61],[39,-63],[30,-126],[-9,-67],[40,-43],[11,-48],[-13,-58],[40,-87],[-4,-23],[-67,-121],[29,-84],[113,55],[24,-39],[66,-61],[30,-10],[62,8],[50,-20],[115,43],[86,-8],[18,-24],[-25,-64],[-49,11],[-148,-45],[5,-78],[-22,-38],[-36,-11],[-21,20],[-39,-18],[12,-102],[28,-61],[110,-82],[-29,-64],[7,-72],[30,-64],[-47,-96],[21,-79],[6,-76],[-7,-151],[-73,26],[-81,128],[-61,9],[-31,-13],[-57,29],[-121,23],[-91,144],[-18,60],[-130,109],[-13,131],[-45,47],[-30,57],[-29,-43],[13,-116],[-70,-40],[-13,-62],[25,-53],[-36,-29],[-53,19],[-1,38],[-78,77],[-31,79],[-34,21],[-21,61],[-89,-108],[-209,-137],[-26,-25],[-47,-79],[-51,-41],[-14,-108],[-34,-43],[-84,-21],[-205,-82],[-69,-6],[-98,-57],[-101,-20],[-42,35],[-57,24],[-65,11],[-24,46],[-45,35],[-67,17],[-55,-8],[-61,33],[-117,6],[-14,57],[45,38],[-12,73],[145,30],[38,40],[88,43],[21,34],[-27,49],[15,64],[37,43],[-29,31],[-76,24],[-101,-12],[-94,-19],[-183,50],[-60,39],[-42,3],[-68,-53],[-47,3],[-68,-15],[-68,35],[-48,79],[-40,-16],[-147,-28],[-96,-99],[-53,-33],[-112,-180],[-39,-131],[-23,-8],[-61,25],[-16,60],[11,50],[50,128],[29,50],[-37,47],[-20,92],[-43,14],[-61,-30],[-49,-99],[-50,4],[-103,-33],[-52,-62],[-42,-28],[-36,9],[-7,32],[21,56],[-3,43],[-46,33],[-12,34],[-73,9],[22,42],[-10,44],[-82,18],[-9,35],[62,101],[-18,62],[-67,49],[-45,-4],[-53,40],[-2,60],[-35,-25],[-27,-67],[-45,13],[-40,80],[87,139],[37,91],[146,74],[29,57],[-22,94],[-6,75],[33,71],[75,19],[45,-46],[93,-9],[36,22],[22,41],[131,37],[16,37]]],"transform":{"scale":[0.00012684824742268224,0.00009779552313883307],"translate":[104.701167,27.709982]},"objects":{"json":{"type":"GeometryCollection","geometries":[{"arcs":[[0]],"type":"Polygon","properties":{"adcode":530629,"level":"district","name":"威信县","pinyin":"weixinxian","parent":{"adcode":530600},"childrenNum":0,"center":[105.049012,27.846839],"centroid":[105.049012,27.846839]}}]}}}