{"type":"Topology","arcs":[[[364,901],[-89,11],[-60,22],[-30,105],[23,70],[74,21],[-43,23],[-97,9],[-80,53],[-14,38],[12,51],[62,35],[-77,58],[-1,35],[51,35],[-75,159],[-20,66],[20,94],[47,35],[85,-19],[44,-34],[53,-86],[40,-27],[75,2],[90,30],[-20,103],[4,142],[-23,55],[61,7],[84,-39],[37,-46],[113,-60],[32,-30],[34,28],[57,-25],[78,43],[-7,24],[51,10],[-14,35],[24,25],[50,-12],[16,-35],[79,-4],[7,35],[98,30],[15,46],[-4,72],[60,60],[-2,53],[66,82],[-29,35],[37,45],[191,25],[73,20],[19,29],[-76,55],[-54,24],[13,85],[-53,7],[-10,-26],[-54,48],[-33,-2],[-53,69],[64,46],[-6,23],[-64,30],[9,42],[-22,26],[-1,74],[-31,27],[-114,-27],[-40,56],[-3,62],[-71,24],[-14,51],[42,44],[109,29],[32,26],[69,-10],[112,98],[48,17],[-11,48],[-101,130],[-81,-9],[-34,36],[-11,64],[28,88],[-8,80],[-73,76],[23,31],[39,1],[4,44],[-23,48],[19,76],[38,68],[-2,96],[56,78],[-6,70],[72,-24],[95,37],[79,-10],[35,39],[76,-16],[66,-36],[-1,-107],[26,-8],[17,-118],[22,-57],[-8,-88],[33,-54],[111,23],[64,61],[21,48],[59,21],[129,-31],[112,66],[106,-18],[60,-58],[-64,-82],[-6,-35],[36,-38],[123,33],[70,0],[39,79],[-4,37],[40,4],[142,-76],[40,30],[26,104],[-24,138],[34,72],[40,34],[59,7],[87,-50],[43,-9],[147,61],[58,-114],[53,18],[110,-63],[16,-63],[3,-121],[65,-59],[25,-40],[56,11],[34,-60],[-27,-87],[-36,-25],[62,-18],[100,-133],[34,-19],[36,-98],[13,-67],[65,-58],[5,-68],[58,-48],[99,-21],[23,-36],[-24,-40],[-82,-4],[79,-120],[4,-50],[-67,-40],[-89,-10],[-48,-35],[-33,-51],[35,-236],[52,-93],[4,-68],[-22,-44],[-15,-159],[-52,-154],[-71,-123],[18,-91],[45,-27],[26,-47],[-89,-49],[-57,-118],[-90,-44],[-60,-132],[-39,-33],[-115,-26],[-59,-46],[-51,-78],[-45,-37],[-34,2],[-21,41],[44,78],[-2,30],[-45,42],[-113,21],[-102,68],[-44,-2],[-54,-43],[-46,30],[-44,89],[-48,19],[-121,-10],[-112,-52],[-53,-62],[-9,-131],[-23,-30],[-148,-12],[-55,-24],[-88,-133],[-98,-73],[-65,-63],[-40,-2],[-80,36],[-29,-37],[-71,17],[-75,-18],[71,-11],[92,-47],[26,-61],[58,-15],[24,-38],[-48,-36],[-42,10],[4,-43],[35,3],[64,-59],[14,-36],[-66,-7],[-18,-25],[-40,23],[14,50],[-34,44],[-75,-4],[-2,-27],[-73,-35],[-37,-38],[-24,11],[-8,-57],[-95,-8],[-101,-139],[-40,-116],[-122,-43],[-23,-62],[24,-73],[77,-97],[-32,-63],[-58,10],[-19,29],[-96,46],[-21,84],[-42,76],[-49,56],[-51,28],[-43,75],[-13,69],[-47,46],[-33,2],[-21,-39],[-48,-22],[-48,30],[-48,83],[-77,33],[-74,102],[-35,143],[-104,100],[-62,-50]]],"transform":{"scale":[0.00023415466152734233,0.00021647559591373455],"translate":[105.225746,23.184226]},"objects":{"json":{"type":"GeometryCollection","geometries":[{"arcs":[[0]],"type":"Polygon","properties":{"adcode":532628,"level":"district","name":"富宁县","pinyin":"funingxian","parent":{"adcode":532600},"childrenNum":0,"center":[105.630921,23.625072],"centroid":[105.630921,23.625072]}}]}}}