{"type":"Topology","arcs":[[[3952,4219],[29,-75],[34,-36],[14,-63],[-1,-122],[-40,-68],[8,-76],[-15,-33],[8,-129],[-21,-95],[13,-74],[44,-12],[97,-59],[-8,-41],[33,-49],[-34,-59],[-98,-43],[-98,-152],[21,-71],[83,-101],[51,-7],[93,28],[87,-138],[51,-9],[-24,-19],[-36,-122],[6,-70],[-44,-130],[-59,-60],[-70,-12],[-83,-66],[24,-33],[71,-7],[0,-54],[22,-21],[-71,-86],[-68,-53],[-48,-12],[-16,-62],[-82,-52],[-49,16],[-24,-68],[10,-48],[-72,-98],[-83,51],[-86,29],[-36,34],[-80,-7],[-62,26],[-19,-55],[-50,-25],[-101,47],[25,36],[31,157],[-63,-2],[-65,59],[-20,55],[-68,45],[-28,69],[-40,2],[-126,-78],[-62,-13],[-59,66],[-78,10],[-17,-98],[-51,-52],[9,-56],[-63,-85],[7,-87],[51,-44],[-12,-52],[41,-85],[-76,-52],[-22,-70],[-82,-47],[-29,-38],[51,-33],[64,-3],[139,22],[30,-27],[-6,-63],[30,-44],[-29,-71],[58,19],[-10,-104],[66,-70],[-42,7],[-77,-53],[-28,7],[-65,-61],[-31,33],[-31,-26],[83,-112],[65,-23],[17,-57],[-145,-100],[-28,-30],[28,-36],[-41,-45],[1,-47],[-57,-34],[-3,-48],[34,-57],[-61,-42],[-56,4],[23,-53],[-88,-56],[-40,8],[-65,-98],[-11,-39],[-44,-44],[-56,6],[-49,32],[-26,-54],[-168,19],[-36,-45],[-67,19],[-42,61],[42,52],[83,6],[1,24],[-65,59],[-32,4],[-30,78],[-87,18],[-44,-42],[-35,8],[-20,44],[-86,27],[-45,-10],[-21,31],[-36,-22],[-11,-50],[-39,-4],[-120,-69],[-126,6],[-72,113],[-6,52],[-34,78],[-38,39],[-7,47],[-85,106],[-53,-7],[-18,54],[-99,149],[29,0],[-42,106],[-65,15],[-66,-19],[-37,35],[-15,88],[-57,1],[-33,83],[-52,61],[17,31],[-84,124],[-88,-33],[-14,107],[-8,169],[20,55],[-16,42],[17,42],[-17,62],[78,33],[111,-34],[23,49],[-48,82],[-75,-5],[-40,22],[-18,111],[-50,19],[-50,49],[31,83],[62,18],[32,37],[3,75],[45,21],[35,50],[1,66],[24,65],[4,79],[23,65],[-46,45],[-7,41],[24,39],[105,-14],[46,9],[71,59],[107,-23],[85,18],[70,-20],[59,-39],[136,-43],[65,-38],[89,-20],[78,30],[70,85],[-2,130],[57,49],[59,89],[14,56],[33,-20],[126,9],[60,89],[151,-48],[-2,-37],[95,-23],[-14,-64],[34,-101],[75,32],[78,7],[49,36],[139,32],[61,-51],[42,-10],[27,66],[30,-14],[118,-7],[-10,59],[-31,45],[-15,76],[-46,110],[-4,77],[-25,105],[32,60],[-43,91],[42,73],[85,55],[20,27],[-1,71],[113,26],[12,52],[93,38],[16,52],[101,14],[111,39],[69,66],[82,33],[10,104],[26,7],[121,-15],[97,71],[113,16],[56,-50],[-33,-43],[23,-57],[91,-24],[63,-37],[71,-91],[106,4],[73,-10],[44,21],[48,80]]],"transform":{"scale":[0.0001594887287938639,0.00014694238590149102],"translate":[100.279651,25.546899000000003]},"objects":{"json":{"type":"GeometryCollection","geometries":[{"arcs":[[0]],"type":"Polygon","properties":{"adcode":532924,"level":"district","name":"宾川县","pinyin":"binchuanxian","parent":{"adcode":532900},"childrenNum":0,"center":[100.590274,25.830491],"centroid":[100.590274,25.830491]}}]}}}