{"type":"Topology","arcs":[[[1674,6071],[55,-27],[106,-114],[-7,-64],[28,-33],[14,-90],[-12,-80],[-32,-28],[-65,-111],[5,-40],[39,-36],[66,-23],[18,-67],[34,-29],[3,-103],[-34,-68],[103,5],[67,37],[44,-23],[44,9],[64,-48],[57,-22],[137,35],[103,-10],[69,-88],[36,-130],[-18,-99],[-114,-29],[-37,-38],[-2,-43],[47,-46],[-41,-61],[23,-82],[-20,-74],[-47,-58],[-89,-28],[-30,-22],[33,-53],[-55,-44],[-19,-38],[24,-38],[73,-22],[80,-3],[7,-36],[-29,-33],[-1,-76],[-31,-33],[8,-91],[-13,-32],[23,-40],[-46,-87],[-49,-48],[81,-91],[56,-45],[-24,-57],[-66,-39],[-45,-117],[-54,-17],[-15,-91],[89,-117],[38,-96],[10,-79],[62,-85],[1,-22],[-49,-83],[7,-82],[-41,-50],[-5,-71],[26,-63],[84,-79],[100,8],[93,-97],[29,-86],[32,-45],[60,-38],[8,-36],[41,-25],[11,-58],[-11,-46],[-51,-45],[-20,-59],[-81,-31],[-30,-87],[32,-32],[112,-19],[-77,-117],[45,-52],[60,-30],[-56,-42],[-15,-54],[29,-75],[42,-38],[-44,-57],[33,-41],[0,-36],[40,-43],[-58,-88],[-64,-35],[-53,-52],[48,-19],[21,-76],[-59,-77],[32,-37],[-23,-51],[3,-108],[-14,-95],[-20,-39],[24,-35],[-26,-40],[38,-155],[-92,-56],[-3,-16],[-86,8],[-92,-14],[-64,2],[-63,-17],[-80,22],[-82,-17],[-102,3],[-121,-28],[-81,-68],[-66,-16],[-46,46],[9,40],[53,81],[-62,56],[-151,0],[-166,56],[-91,-11],[-86,31],[-190,42],[-159,-18],[-49,81],[-86,-7],[-28,-39],[-172,-44],[37,60],[-6,73],[15,42],[-13,113],[37,45],[82,20],[53,69],[51,111],[-27,69],[30,47],[-86,96],[-26,75],[-41,62],[42,58],[-17,41],[41,73],[-89,3],[-109,40],[-20,86],[46,94],[34,28],[-8,33],[34,45],[-4,93],[18,18],[8,128],[20,72],[-27,59],[-41,29],[-46,73],[-72,50],[-45,46],[-22,52],[69,65],[90,40],[36,28],[19,44],[-16,47],[-28,170],[5,27],[-75,48],[17,58],[-23,68],[-32,17],[-19,75],[38,71],[9,57],[-75,72],[97,67],[146,26],[15,84],[22,36],[-8,63],[-129,71],[-23,34],[-66,27],[-103,-27],[-59,16],[-55,34],[-6,28],[26,72],[-36,49],[-5,49],[34,31],[-39,85],[-1,34],[38,27],[-33,55],[8,36],[-38,48],[3,59],[-37,81],[-81,68],[30,17],[2,49],[27,25],[69,25],[121,12],[4,39],[-50,28],[59,63],[53,9],[-14,24],[-74,21],[-37,33],[12,73],[70,26],[72,70],[-17,68],[52,101],[17,90],[-70,40],[4,84],[-113,8],[-40,39],[-58,16],[-49,116],[28,9],[-19,110],[7,62],[-126,73],[-3,36],[37,23],[-24,49],[25,26],[89,7],[16,15],[-2,70],[-61,34],[-94,101],[71,109],[-30,35],[114,-17],[135,17],[92,-7],[52,-19],[199,-28],[64,24],[181,20],[70,22],[29,-24],[74,-2],[75,13],[102,-6],[80,-17],[76,11],[103,-9],[187,-99]]],"transform":{"scale":[0.0001233915194346294,0.00017027417794971013],"translate":[98.684965,26.456808]},"objects":{"json":{"type":"GeometryCollection","geometries":[{"arcs":[[0]],"type":"Polygon","properties":{"adcode":533323,"level":"district","name":"福贡县","pinyin":"fugongxian","parent":{"adcode":533300},"childrenNum":0,"center":[98.869132,26.901831],"centroid":[98.869132,26.901831]}}]}}}