{"type":"Topology","arcs":[[[2498,4471],[95,-159],[-77,-21],[-11,-49],[49,-19],[168,-12],[13,-8],[-89,-74],[8,-47],[41,-83],[46,-5],[43,17],[85,81],[76,-10],[47,-95],[14,-72],[-18,-97],[24,-50],[153,-140],[59,-35],[172,1],[102,-32],[111,-48],[17,-29],[22,-89],[168,-167],[85,-43],[14,-93],[47,25],[44,-18],[-25,-111],[-5,-81],[10,-93],[-89,-69],[-1,-51],[42,-39],[156,-90],[26,-1],[-10,-62],[-150,-121],[-46,5],[3,-43],[-41,-3],[-57,34],[-231,81],[-82,-9],[-55,39],[-62,-51],[-51,-27],[6,-61],[-27,-25],[4,-41],[-27,-37],[-5,-46],[22,-50],[-3,-53],[102,-44],[3,-59],[52,-40],[-31,-173],[-58,18],[-65,-11],[-31,-40],[59,-85],[99,-62],[83,-21],[31,27],[38,-16],[80,-67],[55,-30],[3,-93],[-24,-73],[63,-49],[6,-69],[98,-111],[20,-106],[-93,-78],[-55,-21],[-31,21],[-42,-17],[-34,19],[-47,-27],[-16,-113],[-60,-50],[-71,-10],[-3,-57],[-21,-69],[-31,-20],[-9,-93],[-15,-21],[-10,-91],[-75,-82],[-137,-46],[-51,9],[-90,51],[-27,-4],[-24,-55],[1,-72],[-45,0],[-58,-23],[-92,-1],[-71,-75],[-14,-51],[-57,15],[-27,-30],[-34,37],[-93,45],[-31,51],[-1,109],[-37,86],[-37,24],[-128,27],[-64,31],[-10,43],[17,62],[-46,91],[-4,85],[-22,76],[-94,48],[4,79],[-39,22],[26,29],[55,15],[100,64],[-17,90],[-44,50],[-4,38],[-58,50],[-42,83],[-15,69],[-88,45],[-67,137],[37,74],[-3,48],[-65,81],[-71,10],[-41,44],[-96,81],[-25,5],[-24,-51],[-6,-85],[-45,-52],[-36,56],[-10,-23],[-112,-51],[-57,-127],[-21,-174],[-37,-38],[-23,8],[-41,-30],[-65,29],[-112,-4],[-45,34],[-43,10],[-29,-51],[-68,-65],[-83,-17],[-29,-52],[-29,39],[-29,91],[-81,122],[-42,37],[-18,43],[44,73],[109,-42],[78,42],[8,55],[55,14],[79,-11],[68,65],[-29,65],[12,33],[-10,78],[-25,86],[111,31],[61,47],[36,5],[45,-31],[34,21],[-10,56],[34,86],[-1,50],[19,24],[-15,100],[22,42],[-14,83],[-30,67],[-42,53],[-39,4],[-16,45],[-41,21],[-39,-7],[-39,30],[-79,12],[-113,37],[-82,-31],[-29,4],[-60,-29],[-160,1],[-46,26],[-61,-14],[-97,23],[-28,17],[-124,-20],[-48,44],[-2,41],[37,45],[80,33],[105,70],[26,36],[-57,34],[57,83],[42,137],[-11,34],[48,-14],[28,29],[27,-12],[-32,128],[28,8],[84,104],[19,53],[28,5],[30,63],[73,35],[82,75],[27,117],[30,26],[15,92],[-6,79],[63,-18],[16,67],[35,38],[82,-39],[39,8],[49,-50],[24,11],[92,-31],[-61,-207],[79,3],[68,-34],[33,-39],[175,-54],[1,114],[-9,56],[95,9],[31,-19],[50,-72],[40,-18],[53,-49],[10,46],[106,53],[84,-3],[124,81],[31,3],[32,46],[101,73],[-18,77],[102,67],[-57,14],[-8,24],[73,31],[5,57],[78,31],[120,61]]],"transform":{"scale":[0.00020157063106796184,0.00017139275329903857],"translate":[101.619193,35.008317]},"objects":{"json":{"type":"GeometryCollection","geometries":[{"arcs":[[0]],"type":"Polygon","properties":{"adcode":632301,"level":"district","name":"同仁市","pinyin":"tongrenshi","parent":{"adcode":632300},"childrenNum":0,"center":[102.018663,35.515769],"centroid":[102.018663,35.515769]}}]}}}