{"type":"Topology","arcs":[[[5514,4409],[81,-90],[10,-44],[-15,-66],[43,-71],[-23,-56],[38,-26],[-1,-51],[61,9],[103,-69],[-4,-65],[55,-14],[39,-29],[22,-44],[-37,-77],[-8,-52],[19,-32],[-99,-15],[-56,-44],[-28,-45],[-12,-90],[15,-41],[-13,-290],[-15,-82],[1,-85],[-20,-112],[55,-212],[-30,-119],[52,-10],[37,-53],[7,-148],[-14,-75],[25,-126],[-7,-122],[-54,-54],[-121,-12],[-56,-28],[-33,-65],[-91,-6],[-38,-36],[15,-43],[-54,-85],[-90,-84],[-7,-84],[-71,-58],[-81,31],[-41,-56],[-24,26],[-21,-85],[-104,-73],[0,-54],[-26,56],[-45,36],[-86,-15],[-106,-6],[-18,-22],[-87,-14],[-84,-70],[-50,-13],[-80,-48],[-60,-63],[-43,-15],[-102,19],[-116,-78],[-165,-65],[-9,47],[-97,-68],[-55,-16],[-83,-2],[-48,23],[-33,-35],[-44,6],[-153,-53],[-133,-64],[-142,-77],[-30,6],[-50,-47],[-52,-4],[-25,-23],[-119,-20],[-113,56],[-56,-18],[-153,-81],[-44,-34],[-149,-46],[-67,13],[-53,-8],[-78,-66],[-7,-85],[29,-96],[-26,-207],[-224,1],[-30,78],[-54,32],[-33,52],[-4,46],[-43,19],[-51,-1],[-59,-41],[-54,3],[-46,33],[-265,108],[-156,58],[-73,43],[-40,154],[52,73],[-16,60],[19,75],[-9,93],[-20,30],[-2,65],[61,125],[26,140],[4,72],[-35,90],[-132,51],[-36,27],[-85,3],[-48,24],[-25,38],[-19,81],[-3,103],[-23,33],[-15,80],[-8,142],[16,22],[-7,93],[-42,114],[-14,84],[-39,42],[-4,66],[-46,18],[-15,29],[-71,29],[-49,55],[-20,61],[-104,108],[-48,65],[-24,143],[62,388],[-34,42],[-99,31],[-62,77],[-18,56],[-2,67],[43,44],[26,4],[57,-32],[72,22],[75,-25],[15,24],[37,-6],[28,-51],[76,-32],[50,23],[24,36],[16,-18],[25,42],[66,-1],[49,30],[82,-27],[78,-2],[10,45],[45,27],[28,-22],[-1,-52],[71,-70],[21,-80],[28,-51],[-19,-27],[26,-61],[123,26],[64,-54],[33,-63],[56,-2],[17,94],[-33,22],[-4,124],[71,6],[38,72],[99,-16],[83,14],[35,-42],[49,33],[32,63],[84,-97],[50,10],[33,74],[82,0],[7,26],[97,2],[7,38],[33,-43],[75,-32],[41,34],[115,17],[22,32],[59,-12],[61,11],[12,29],[63,41],[22,-30],[4,-55],[54,13],[52,-13],[44,-45],[83,80],[50,82],[44,19],[35,-52],[2,-33],[72,-26],[28,8],[21,67],[-6,56],[30,-13],[110,-8],[49,-21],[38,8],[61,90],[107,-3],[91,-18],[31,68],[24,11],[73,-24],[39,21],[22,184],[115,-83],[30,52],[70,51],[111,-19],[49,-26],[53,27],[54,7],[26,55],[42,-8],[14,110],[-21,21],[106,49],[33,-49],[34,-18],[39,48],[75,-7],[46,10],[106,-21],[49,26],[56,-18],[86,55],[2,41],[29,62],[-14,29],[120,-20],[6,25],[106,4],[36,27],[9,49],[43,32],[27,-16],[35,29],[41,64],[71,-7],[32,-111],[-63,-131],[64,11],[-2,-52],[87,18]]],"transform":{"scale":[0.00040767702177950334,0.0002646819055757319],"translate":[80.629143,41.405879]},"objects":{"json":{"type":"GeometryCollection","geometries":[{"arcs":[[0]],"type":"Polygon","properties":{"adcode":652926,"level":"district","name":"拜城县","pinyin":"baichengxian","parent":{"adcode":652900},"childrenNum":0,"center":[81.851289,41.795289],"centroid":[81.851289,41.795289]}}]}}}