{"type":"Topology","arcs":[[[3231,752],[-137,193]],[[3094,945],[108,110],[-118,-1],[-74,10],[-75,39],[-23,33],[-5,87],[-47,10],[-103,41],[-30,41],[-73,174],[-6,44],[-164,-43],[8,-45],[-26,-93],[1,-98],[-51,-29],[33,-137],[13,-13],[-67,-21],[60,-172],[100,21],[8,47],[95,26],[12,-24],[62,22],[44,-1],[38,-20],[16,-44],[36,-50],[88,-47],[65,40]],[[3019,852],[118,-179]],[[3137,673],[-13,-40],[-37,-233],[-12,-56],[-71,-68],[-77,-36],[-108,-68],[-225,-120],[-86,-37],[-82,-15],[-99,2],[3,60],[-129,-18],[-25,22],[-18,68],[-73,-3],[-61,68],[-34,58],[-32,81],[-24,100],[-85,4],[-16,30],[-21,-9],[-25,68],[-55,70],[-8,85],[-31,96],[-42,25],[-8,32],[52,70],[-4,24],[29,27],[6,51],[22,30],[-4,69],[17,74],[60,141],[-8,30],[-65,75],[-16,48],[-29,43],[-31,14],[-50,80],[-33,-2],[-14,-52],[13,-301],[-35,2],[2,-104],[56,-24],[-33,-57],[5,-45],[-47,-54],[-8,-88],[-32,25],[-25,-34],[-20,35],[-112,-27],[-41,-20],[-6,-24],[-56,-41],[-38,26],[-74,-20],[-16,-50],[-54,-46],[-56,-9],[-32,-37],[-54,0],[-39,19],[-100,-10],[-80,55],[-19,29],[-25,2],[-33,34],[-67,33],[-57,56],[2,26],[-118,106],[-37,39],[19,38],[26,160],[33,73],[19,17],[56,-14],[27,-24],[126,1],[16,27],[73,20],[156,13],[13,26],[-109,88],[-135,80],[-46,51],[-36,16],[-70,63],[-32,41],[-49,-7],[-59,15],[-20,28],[-47,3],[-51,129],[-32,17],[-11,40],[-42,27],[23,43],[-5,30],[-30,23],[13,33],[-26,46],[-20,95],[-16,20],[-37,-16],[-66,95],[42,11],[17,75],[-29,23],[84,-18],[47,3],[105,39],[23,18],[47,72],[91,9],[72,21],[69,1],[32,-12],[39,63],[50,116],[62,52],[-3,79],[78,46],[59,22],[99,-4],[162,19],[62,-2],[26,-17],[76,-15],[40,10],[-9,25],[69,82],[-50,39],[-55,137],[47,3],[10,121],[125,25],[104,58],[11,67],[-39,56],[0,44],[23,53],[78,-13],[21,20],[41,-13],[31,22],[45,-21],[39,-35],[42,8],[4,31],[63,4],[25,45],[62,15],[31,39],[117,13],[72,-32],[16,-82],[49,-51],[78,-21],[27,-28],[-49,-259],[19,-95],[38,-44],[82,-72],[17,-41],[38,-36],[56,-19],[49,-32],[3,-44],[31,-28],[11,-56],[33,-76],[6,-62],[-13,-15],[6,-95],[12,-53],[18,-22],[3,-69],[15,-54],[58,-41],[67,-2],[29,-18],[104,-34],[28,-61],[-24,-141],[-48,-83],[24,-126],[-15,-50],[13,-40],[-41,-49],[31,-102],[59,-29],[333,-111],[36,-22],[43,-2],[47,28],[74,-13],[29,-65],[43,-21],[24,-52],[178,-1],[-1,-355],[-25,-39],[-637,-223]],[[3019,852],[75,93]],[[3231,752],[-58,-40],[-36,-39]]],"transform":{"scale":[0.0005144774011299413,0.00039665831134564635],"translate":[79.468113,40.862769]},"objects":{"json":{"type":"GeometryCollection","geometries":[{"arcs":[[[0,1,2,3]],[[4,-1,5,-3]]],"type":"MultiPolygon","properties":{"adcode":652922,"level":"district","name":"温宿县","pinyin":"wensuxian","parent":{"adcode":652900},"childrenNum":0,"center":[80.243273,41.272995],"centroid":[80.243273,41.272995]}}]}}}