{"type":"Topology","arcs":[[[3325,1458],[1,84],[-86,-60],[-91,10],[-24,-24],[-19,35],[44,100],[70,32],[-102,126],[6,27],[65,8],[-44,103],[37,44],[49,-19],[-1,-56],[154,-19],[14,27],[39,-27],[65,14],[68,-12],[-15,-37],[-51,-47],[-49,33],[-5,-38],[-79,-54],[-63,71],[-47,4],[-19,-73],[48,-22],[5,-56],[67,-83],[53,-20],[-17,-75],[-73,4]],[[2860,1892],[32,-65],[-38,28],[6,37]],[[2748,1765],[11,-27],[-57,-17],[46,44]],[[3794,1676],[-5,-63],[-27,40],[32,23]],[[3448,1670],[29,-25],[-40,-75],[-35,-6],[0,79],[46,27]],[[3524,1464],[24,-42],[45,30],[4,120],[33,9],[25,-58],[0,-63],[-20,-30],[11,-129],[-32,-43],[-120,99],[-53,33],[-3,95],[29,45],[57,-66]],[[2967,1491],[-20,-35],[-6,62],[26,-27]],[[3249,1018],[-8,44],[74,-24],[37,31],[18,-60],[15,46],[54,43],[29,91],[-2,85],[-17,35],[22,28],[88,-58],[28,-60],[-11,-32],[38,-1],[37,-40],[-84,-120],[-58,-17],[-23,-57],[-61,31],[-27,-14],[-25,-60],[-52,-35],[-56,48],[24,65],[-40,31]],[[3122,1216],[41,-27],[-57,-3],[16,30]],[[1794,1970],[59,-7],[116,8],[45,-42],[87,17],[45,-79],[40,-21],[27,-43],[-4,-60],[16,-72],[-94,-8],[-22,-15],[-90,-160],[-33,-24],[-19,-113],[41,-11],[90,38],[44,68],[49,-45],[43,27],[27,92],[53,-1],[120,283],[32,36],[61,-2],[34,-48],[16,22],[63,-9],[41,32],[55,-18],[-44,-74],[28,-92],[44,-5],[28,-75],[43,-2],[17,-68],[-63,-66],[-7,-85],[60,14],[59,-27],[34,25],[-12,56],[37,-18],[79,11],[14,-28],[-43,-80],[15,-30],[33,44],[70,-11],[-67,-90],[-28,-60],[-30,-131],[89,8],[12,-47],[54,-24],[39,17],[39,-56],[95,-75],[51,-58],[73,56],[210,91],[123,99],[73,0],[23,-27],[-146,-131],[-49,-19],[-81,-58],[-59,-99],[-116,-72],[-88,-13],[-31,13],[-200,122],[-50,17],[-104,7],[-139,-20],[-72,-25],[-150,-9],[-51,31],[-72,116],[-67,31],[-54,73],[-33,-17],[-25,-83],[-48,-86],[-57,-58],[-60,-131],[-87,-112],[-76,41],[-136,-5],[-55,26],[-92,4],[-68,31],[-168,-9],[-73,-31],[-61,-79],[-39,-135],[-109,-19],[-10,83],[-99,-13],[1,-61],[-21,-70],[-69,-24],[-184,-170],[-92,-53],[-81,12],[-86,103],[-107,-32],[-89,-13],[-178,-69],[-21,23],[6,242],[29,107],[-3,162],[-52,82],[3,153],[-21,42],[1,61],[33,114],[-34,133],[-5,99],[14,63],[-103,107],[33,48],[70,19],[57,89],[47,17],[70,-66],[90,23],[65,-13],[23,45],[16,-22],[-4,-88],[41,-35],[51,36],[12,51],[54,24],[37,66],[44,34],[33,-3],[37,41],[64,-1],[55,42],[92,-31],[60,-4],[32,88],[-3,98],[22,12],[5,63],[63,21],[68,131],[39,-48],[36,3],[26,36],[48,-33],[102,-2],[6,-83],[48,-31],[13,28],[111,-21],[46,28],[85,19]]],"transform":{"scale":[0.00006655458290422322,0.00004786451301832117],"translate":[114.08348499999998,22.45962]},"objects":{"json":{"type":"GeometryCollection","geometries":[{"arcs":[[[0]],[[1]],[[2]],[[3]],[[4]],[[5]],[[6]],[[7]],[[8]],[[9]]],"type":"MultiPolygon","properties":{"adcode":810013,"level":"district","name":"北区","pinyin":"beiqu","parent":{"adcode":810000},"childrenNum":0,"center":[114.1473639,22.49610389],"centroid":[114.1473639,22.49610389]}}]}}}